,allando_v_savvaltas_alacsony_v10,allando_v_savvaltas_alacsony_v100,allando_v_savvaltas_alacsony_v105,allando_v_savvaltas_alacsony_v110,allando_v_savvaltas_alacsony_v115,allando_v_savvaltas_alacsony_v120,allando_v_savvaltas_alacsony_v125,allando_v_savvaltas_alacsony_v130,allando_v_savvaltas_alacsony_v135,allando_v_savvaltas_alacsony_v140,allando_v_savvaltas_alacsony_v15,allando_v_savvaltas_alacsony_v20,allando_v_savvaltas_alacsony_v25,allando_v_savvaltas_alacsony_v30,allando_v_savvaltas_alacsony_v35,allando_v_savvaltas_alacsony_v40,allando_v_savvaltas_alacsony_v45,allando_v_savvaltas_alacsony_v5,allando_v_savvaltas_alacsony_v50,allando_v_savvaltas_alacsony_v55,allando_v_savvaltas_alacsony_v60,allando_v_savvaltas_alacsony_v65,allando_v_savvaltas_alacsony_v70,allando_v_savvaltas_alacsony_v75,allando_v_savvaltas_alacsony_v80,allando_v_savvaltas_alacsony_v85,allando_v_savvaltas_alacsony_v90,allando_v_savvaltas_alacsony_v95,allando_v_savvaltas_kozepes_v10,allando_v_savvaltas_kozepes_v100,allando_v_savvaltas_kozepes_v105,allando_v_savvaltas_kozepes_v110,allando_v_savvaltas_kozepes_v115,allando_v_savvaltas_kozepes_v120,allando_v_savvaltas_kozepes_v125,allando_v_savvaltas_kozepes_v130,allando_v_savvaltas_kozepes_v135,allando_v_savvaltas_kozepes_v140,allando_v_savvaltas_kozepes_v15,allando_v_savvaltas_kozepes_v20,allando_v_savvaltas_kozepes_v25,allando_v_savvaltas_kozepes_v30,allando_v_savvaltas_kozepes_v35,allando_v_savvaltas_kozepes_v40,allando_v_savvaltas_kozepes_v45,allando_v_savvaltas_kozepes_v5,allando_v_savvaltas_kozepes_v50,allando_v_savvaltas_kozepes_v55,allando_v_savvaltas_kozepes_v60,allando_v_savvaltas_kozepes_v65,allando_v_savvaltas_kozepes_v70,allando_v_savvaltas_kozepes_v75,allando_v_savvaltas_kozepes_v80,allando_v_savvaltas_kozepes_v85,allando_v_savvaltas_kozepes_v90,allando_v_savvaltas_kozepes_v95,allando_v_savvaltas_magas_v10,allando_v_savvaltas_magas_v100,allando_v_savvaltas_magas_v105,allando_v_savvaltas_magas_v110,allando_v_savvaltas_magas_v115,allando_v_savvaltas_magas_v120,allando_v_savvaltas_magas_v125,allando_v_savvaltas_magas_v130,allando_v_savvaltas_magas_v135,allando_v_savvaltas_magas_v140,allando_v_savvaltas_magas_v15,allando_v_savvaltas_magas_v20,allando_v_savvaltas_magas_v25,allando_v_savvaltas_magas_v30,allando_v_savvaltas_magas_v35,allando_v_savvaltas_magas_v40,allando_v_savvaltas_magas_v45,allando_v_savvaltas_magas_v5,allando_v_savvaltas_magas_v50,allando_v_savvaltas_magas_v55,allando_v_savvaltas_magas_v60,allando_v_savvaltas_magas_v65,allando_v_savvaltas_magas_v70,allando_v_savvaltas_magas_v75,allando_v_savvaltas_magas_v80,allando_v_savvaltas_magas_v85,allando_v_savvaltas_magas_v90,allando_v_savvaltas_magas_v95
allando_v_savvaltas_alacsony_v10,1.000000,0.936550,0.934429,0.936224,0.924089,0.921217,0.921241,0.930215,0.926919,0.929513,0.970400,0.968329,0.957324,0.961791,0.957418,0.959007,0.955071,0.925026,0.948396,0.948514,0.952199,0.950121,0.953195,0.941597,0.952382,0.939351,0.947114,0.933792,0.969352,0.936212,0.933662,0.935627,0.924484,0.921270,0.920795,0.929944,0.926831,0.929289,0.956530,0.956017,0.944630,0.947313,0.949356,0.951324,0.946186,0.908787,0.947978,0.948478,0.952070,0.949844,0.952549,0.941585,0.951879,0.938541,0.946423,0.933403,0.956098,0.933229,0.931498,0.927520,0.922277,0.919063,0.914484,0.922682,0.919514,0.918685,0.944637,0.945744,0.937056,0.940257,0.939686,0.940563,0.936753,0.906549,0.939924,0.943034,0.950404,0.949054,0.951951,0.938447,0.947434,0.929132,0.936311,0.931135
allando_v_savvaltas_alacsony_v100,0.936550,1.000000,0.987268,0.989796,0.978228,0.979188,0.985638,0.984733,0.986517,0.986663,0.950117,0.952177,0.947698,0.949223,0.951814,0.952367,0.955095,0.892403,0.961896,0.965822,0.972942,0.977097,0.976152,0.961120,0.974793,0.970675,0.982767,0.994489,0.944413,0.996322,0.984744,0.987359,0.976752,0.977200,0.983457,0.982691,0.984595,0.984551,0.957932,0.959100,0.954810,0.956030,0.963756,0.960487,0.959673,0.888382,0.960897,0.964162,0.971740,0.975336,0.974129,0.959426,0.972888,0.968541,0.980482,0.992232,0.949411,0.993150,0.981605,0.983145,0.973786,0.973230,0.979717,0.978739,0.980710,0.979970,0.959102,0.960755,0.959181,0.959783,0.961479,0.959617,0.960590,0.896454,0.959029,0.959423,0.970236,0.974307,0.972925,0.955954,0.968598,0.964157,0.975445,0.989699
allando_v_savvaltas_alacsony_v105,0.934429,0.987268,1.000000,0.990297,0.986242,0.982091,0.986637,0.987752,0.989860,0.990735,0.949092,0.953527,0.943918,0.945662,0.948215,0.951059,0.953434,0.890558,0.960345,0.962541,0.968714,0.972283,0.973117,0.956389,0.967774,0.970092,0.977773,0.986759,0.943404,0.984945,0.996109,0.987881,0.984579,0.980144,0.984487,0.985773,0.987882,0.988666,0.957797,0.961737,0.951197,0.952148,0.960144,0.960212,0.959097,0.886906,0.959161,0.960932,0.967414,0.970818,0.971200,0.954885,0.965965,0.968027,0.975482,0.984538,0.949717,0.981805,0.992385,0.984628,0.981840,0.976767,0.981442,0.981841,0.984277,0.983905,0.960307,0.964359,0.957587,0.957605,0.959200,0.960442,0.960712,0.895811,0.957809,0.955966,0.966081,0.969742,0.970093,0.951633,0.962213,0.964204,0.970789,0.981930
allando_v_savvaltas_alacsony_v110,0.936224,0.989796,0.990297,1.000000,0.981102,0.985566,0.984333,0.984643,0.991679,0.987082,0.951412,0.952270,0.945286,0.946879,0.948976,0.950665,0.953371,0.889527,0.960541,0.964159,0.970264,0.979897,0.977858,0.956832,0.973194,0.966590,0.980069,0.987906,0.943860,0.987375,0.987641,0.995770,0.979437,0.983500,0.982241,0.982350,0.989504,0.984901,0.959556,0.959905,0.952487,0.953421,0.960553,0.958864,0.958151,0.885386,0.959564,0.962412,0.969145,0.978256,0.975983,0.955290,0.971265,0.964365,0.977603,0.985547,0.949579,0.984387,0.984439,0.991179,0.976565,0.979647,0.978989,0.978710,0.985518,0.980650,0.960404,0.961955,0.957557,0.958154,0.959288,0.958801,0.959527,0.893832,0.958095,0.957762,0.967874,0.977318,0.974884,0.952111,0.967320,0.960406,0.972773,0.982670
allando_v_savvaltas_alacsony_v115,0.924089,0.978228,0.986242,0.981102,1.000000,0.987796,0.980462,0.980489,0.981740,0.981590,0.940713,0.944863,0.935368,0.936009,0.938200,0.940051,0.942093,0.880158,0.949283,0.952905,0.959404,0.963784,0.964779,0.945973,0.957423,0.962464,0.968158,0.979038,0.932421,0.975981,0.983867,0.978688,0.996098,0.985664,0.978264,0.978526,0.979674,0.979553,0.949243,0.952945,0.942793,0.942798,0.949959,0.948660,0.947137,0.877112,0.948160,0.951433,0.958031,0.962365,0.962924,0.944496,0.955620,0.960439,0.965922,0.976935,0.939028,0.972249,0.980257,0.975811,0.992582,0.982678,0.976518,0.975304,0.976595,0.975760,0.952246,0.956528,0.949621,0.948479,0.949590,0.949630,0.949941,0.886251,0.947729,0.946551,0.956941,0.961230,0.961581,0.941201,0.952142,0.956944,0.961851,0.973843
allando_v_savvaltas_alacsony_v120,0.921217,0.979188,0.982091,0.985566,0.987796,1.000000,0.979299,0.976946,0.984377,0.979229,0.939181,0.941583,0.931865,0.932578,0.935869,0.937289,0.940114,0.874992,0.948378,0.952521,0.958754,0.969546,0.967520,0.946695,0.964436,0.960594,0.969527,0.980505,0.928934,0.976993,0.979674,0.983730,0.986032,0.996322,0.977256,0.975076,0.982150,0.977164,0.949465,0.951408,0.940275,0.940222,0.948396,0.946681,0.946121,0.869749,0.947271,0.951108,0.957571,0.968490,0.965784,0.945121,0.962797,0.958690,0.967360,0.978046,0.935795,0.975120,0.977596,0.980085,0.984206,0.992849,0.975025,0.971215,0.978496,0.972311,0.949292,0.952793,0.945061,0.944291,0.947145,0.946893,0.947890,0.879218,0.946681,0.946847,0.956614,0.967475,0.964702,0.942084,0.959955,0.955149,0.963900,0.975506
allando_v_savvaltas_alacsony_v125,0.921241,0.985638,0.986637,0.984333,0.980462,0.979299,1.000000,0.989775,0.989030,0.987204,0.943021,0.941668,0.934605,0.935365,0.937666,0.939302,0.943345,0.877548,0.948050,0.952491,0.960498,0.964349,0.962680,0.951439,0.961464,0.960333,0.971118,0.984147,0.929346,0.983431,0.984187,0.982177,0.979094,0.977511,0.996347,0.987774,0.987064,0.985157,0.952325,0.948567,0.941314,0.941400,0.948476,0.946614,0.947741,0.874521,0.946729,0.950803,0.959102,0.962904,0.960947,0.949999,0.959791,0.958331,0.969001,0.982176,0.936381,0.980705,0.980773,0.979196,0.975953,0.973707,0.991159,0.983866,0.983945,0.981614,0.953758,0.952641,0.948544,0.947928,0.948910,0.948280,0.950619,0.884577,0.946389,0.946280,0.957949,0.962060,0.960031,0.946967,0.956110,0.955628,0.965258,0.979534
allando_v_savvaltas_alacsony_v130,0.930215,0.984733,0.987752,0.984643,0.980489,0.976946,0.989775,1.000000,0.988661,0.990091,0.946585,0.948056,0.942117,0.943794,0.943495,0.945104,0.946607,0.883207,0.955998,0.960275,0.971940,0.967613,0.967944,0.956661,0.966013,0.961749,0.973923,0.980270,0.939246,0.982431,0.985145,0.982420,0.978899,0.975174,0.987829,0.996501,0.986483,0.987896,0.955212,0.954507,0.948622,0.950450,0.955071,0.953118,0.951196,0.880514,0.954939,0.958630,0.970919,0.966142,0.966218,0.955228,0.964268,0.959904,0.971552,0.978080,0.946192,0.979053,0.981386,0.979668,0.975684,0.971412,0.984227,0.991713,0.983802,0.984512,0.957677,0.959418,0.956040,0.957191,0.955595,0.955377,0.954306,0.890298,0.954536,0.954068,0.969683,0.965191,0.965235,0.952562,0.960251,0.956838,0.967377,0.975343
allando_v_savvaltas_alacsony_v135,0.926919,0.986517,0.989860,0.991679,0.981740,0.984377,0.989030,0.988661,1.000000,0.993421,0.944690,0.947873,0.938193,0.940260,0.942790,0.944563,0.946460,0.881279,0.953238,0.956613,0.964488,0.970911,0.969685,0.951395,0.965553,0.962811,0.974506,0.984689,0.934949,0.984293,0.987432,0.989478,0.980270,0.982584,0.986973,0.986734,0.996667,0.991279,0.952790,0.954456,0.944055,0.945628,0.953137,0.951742,0.950395,0.878048,0.952191,0.955035,0.963396,0.969666,0.968014,0.950002,0.963916,0.960981,0.972491,0.982611,0.942097,0.981161,0.983807,0.986449,0.977055,0.978572,0.983592,0.982809,0.991722,0.987081,0.954814,0.957951,0.950991,0.951716,0.953188,0.952966,0.952919,0.888392,0.951467,0.950564,0.962247,0.968773,0.967021,0.947009,0.960394,0.957705,0.968534,0.979375
allando_v_savvaltas_alacsony_v140,0.929513,0.986663,0.990735,0.987082,0.981590,0.979229,0.987204,0.990091,0.993421,1.000000,0.945683,0.951344,0.943573,0.945036,0.947693,0.949839,0.951894,0.885630,0.958110,0.961120,0.968281,0.967764,0.968554,0.953380,0.964908,0.965132,0.974936,0.983518,0.937736,0.984408,0.988095,0.985057,0.980033,0.977428,0.985110,0.988116,0.991317,0.996573,0.953042,0.957732,0.949360,0.950743,0.958342,0.957438,0.956044,0.881241,0.956954,0.959444,0.967023,0.966368,0.966764,0.951963,0.963220,0.963243,0.972811,0.981432,0.944686,0.981331,0.984441,0.981867,0.977007,0.973751,0.981831,0.984004,0.987330,0.991363,0.955926,0.960951,0.956173,0.956571,0.958389,0.958609,0.958528,0.891559,0.956339,0.954981,0.965858,0.965375,0.965893,0.948888,0.959798,0.959990,0.968475,0.978751
allando_v_savvaltas_alacsony_v15,0.970400,0.950117,0.949092,0.951412,0.940713,0.939181,0.943021,0.946585,0.944690,0.945683,1.000000,0.982222,0.969687,0.969729,0.970100,0.967647,0.967356,0.919963,0.952385,0.955984,0.953923,0.958677,0.958413,0.939149,0.950132,0.944933,0.953455,0.947181,0.966181,0.949095,0.947576,0.950023,0.940198,0.938466,0.942264,0.945662,0.943915,0.944777,0.970984,0.962863,0.953319,0.951793,0.957324,0.953480,0.952546,0.902603,0.951346,0.955122,0.953513,0.957844,0.957315,0.938516,0.949036,0.943850,0.952112,0.946126,0.948451,0.945665,0.945046,0.940631,0.937411,0.936367,0.934229,0.938019,0.936627,0.934322,0.955720,0.951618,0.944742,0.944792,0.946572,0.943301,0.943418,0.899157,0.942250,0.950006,0.951916,0.956805,0.956621,0.934931,0.945355,0.933226,0.940892,0.943816
allando_v_savvaltas_alacsony_v20,0.968329,0.952177,0.953527,0.952270,0.944863,0.941583,0.941668,0.948056,0.947873,0.951344,0.982222,1.000000,0.977861,0.977190,0.975285,0.975217,0.973245,0.915208,0.958769,0.959787,0.959806,0.957617,0.960606,0.943774,0.954343,0.949420,0.955832,0.949712,0.960531,0.951719,0.952757,0.951991,0.945025,0.941699,0.941354,0.947971,0.947648,0.951113,0.968703,0.973419,0.956579,0.957093,0.961328,0.960813,0.957414,0.900538,0.958346,0.959867,0.959782,0.957583,0.960118,0.943985,0.954015,0.948983,0.955192,0.949233,0.952695,0.948671,0.950734,0.942417,0.942857,0.939811,0.933579,0.938981,0.939364,0.939552,0.951813,0.960118,0.948771,0.949462,0.950089,0.949357,0.947251,0.896551,0.948213,0.954531,0.958221,0.956285,0.959533,0.940888,0.950748,0.937358,0.943595,0.947463
allando_v_savvaltas_alacsony_v25,0.957324,0.947698,0.943918,0.945286,0.935368,0.931865,0.934605,0.942117,0.938193,0.943573,0.969687,0.977861,1.000000,0.989965,0.986125,0.981868,0.981576,0.905156,0.963864,0.967268,0.955113,0.952629,0.953564,0.938959,0.947085,0.943259,0.950322,0.942760,0.947287,0.947308,0.943118,0.944911,0.935521,0.931884,0.934198,0.941922,0.937954,0.943218,0.961467,0.960842,0.975590,0.969500,0.969215,0.964543,0.963729,0.886072,0.963468,0.967242,0.955052,0.952004,0.952952,0.938950,0.946774,0.942725,0.949700,0.942307,0.939536,0.946589,0.942990,0.934552,0.935145,0.931370,0.926165,0.932112,0.929471,0.930946,0.940447,0.943074,0.958935,0.956843,0.955959,0.949964,0.950832,0.881539,0.952430,0.964526,0.953572,0.950941,0.952475,0.936930,0.946016,0.930858,0.938063,0.942249
allando_v_savvaltas_alacsony_v30,0.961791,0.949223,0.945662,0.946879,0.936009,0.932578,0.935365,0.943794,0.940260,0.945036,0.969729,0.977190,0.989965,1.000000,0.990894,0.988909,0.984612,0.909277,0.969863,0.970307,0.960974,0.955511,0.959092,0.945374,0.953976,0.946049,0.952684,0.944156,0.952059,0.948973,0.945028,0.946618,0.936391,0.932695,0.934941,0.943688,0.940241,0.944804,0.960001,0.965778,0.974232,0.976302,0.972695,0.971393,0.966724,0.889889,0.969330,0.970284,0.960712,0.955069,0.958352,0.945360,0.953799,0.945617,0.952211,0.943939,0.942965,0.948352,0.945113,0.936457,0.936287,0.932622,0.927130,0.934825,0.931830,0.932693,0.943797,0.946965,0.957223,0.962032,0.959550,0.956509,0.953671,0.885678,0.958090,0.967305,0.958947,0.953984,0.957797,0.944089,0.953436,0.934222,0.940933,0.944386
allando_v_savvaltas_alacsony_v35,0.957418,0.951814,0.948215,0.948976,0.938200,0.935869,0.937666,0.943495,0.942790,0.947693,0.970100,0.975285,0.986125,0.990894,1.000000,0.992059,0.988288,0.908887,0.971013,0.973461,0.958829,0.956897,0.958968,0.943720,0.952379,0.949727,0.954443,0.946410,0.948077,0.951050,0.947033,0.948102,0.938063,0.935385,0.936978,0.943006,0.942361,0.946967,0.958706,0.966289,0.974296,0.972662,0.978322,0.972384,0.968704,0.887642,0.969933,0.972705,0.958310,0.956092,0.957856,0.943228,0.951729,0.948969,0.953568,0.945721,0.938656,0.950360,0.947266,0.937820,0.938072,0.935493,0.928927,0.934047,0.933699,0.934424,0.944229,0.945430,0.955802,0.957900,0.963474,0.957151,0.955522,0.883028,0.958799,0.970107,0.957087,0.955360,0.957680,0.941493,0.951173,0.937098,0.942104,0.946296
allando_v_savvaltas_alacsony_v40,0.959007,0.952367,0.951059,0.950665,0.940051,0.937289,0.939302,0.945104,0.944563,0.949839,0.967647,0.975217,0.981868,0.988909,0.992059,1.000000,0.991445,0.905748,0.975454,0.972788,0.962827,0.958555,0.962651,0.949576,0.957914,0.950451,0.955586,0.948031,0.950513,0.951286,0.949633,0.949571,0.939689,0.936627,0.938142,0.944336,0.943915,0.948810,0.957261,0.966817,0.971940,0.974098,0.975109,0.979097,0.971934,0.885259,0.973637,0.971567,0.961698,0.957457,0.961235,0.948862,0.956982,0.949297,0.954365,0.947154,0.941060,0.950489,0.949668,0.939132,0.939591,0.936545,0.930164,0.935149,0.935197,0.936440,0.943396,0.947271,0.954196,0.958193,0.960660,0.962983,0.958491,0.880873,0.962060,0.968793,0.959932,0.956358,0.960473,0.947442,0.956600,0.937601,0.942770,0.947282
allando_v_savvaltas_alacsony_v45,0.955071,0.955095,0.953434,0.953371,0.942093,0.940114,0.943345,0.946607,0.946460,0.951894,0.967356,0.973245,0.981576,0.984612,0.988288,0.991445,1.000000,0.903561,0.975712,0.974774,0.962658,0.962774,0.963681,0.949622,0.957328,0.953700,0.957834,0.951169,0.947139,0.953528,0.951483,0.951742,0.941095,0.938887,0.941870,0.945383,0.945235,0.950445,0.958054,0.964494,0.972477,0.973642,0.975307,0.975797,0.979587,0.884191,0.973258,0.972722,0.961209,0.960891,0.961828,0.948408,0.956055,0.952153,0.956225,0.949760,0.939476,0.952749,0.951450,0.941260,0.940962,0.938758,0.933599,0.936178,0.936792,0.938196,0.944553,0.947391,0.956697,0.957943,0.960414,0.960191,0.964930,0.880335,0.961648,0.969429,0.959209,0.959461,0.960845,0.946229,0.955054,0.940337,0.944575,0.949694
allando_v_savvaltas_alacsony_v5,0.925026,0.892403,0.890558,0.889527,0.880158,0.874992,0.877548,0.883207,0.881279,0.885630,0.919963,0.915208,0.905156,0.909277,0.908887,0.905748,0.903561,1.000000,0.910383,0.911858,0.905371,0.903968,0.906402,0.888970,0.901841,0.894582,0.901025,0.888631,0.926097,0.892063,0.889768,0.889085,0.880477,0.874903,0.877281,0.883072,0.881085,0.885356,0.922929,0.920074,0.911682,0.913354,0.915532,0.911841,0.908745,0.948435,0.910302,0.911804,0.905636,0.903794,0.905974,0.889191,0.901770,0.894413,0.900688,0.888256,0.918603,0.891188,0.889007,0.886111,0.880552,0.875464,0.874765,0.882332,0.878669,0.880169,0.915163,0.912989,0.908492,0.910382,0.910929,0.908055,0.905930,0.939106,0.908727,0.908942,0.903875,0.902697,0.905066,0.885611,0.899899,0.890069,0.895747,0.888457
allando_v_savvaltas_alacsony_v50,0.948396,0.961896,0.960345,0.960541,0.949283,0.948378,0.948050,0.955998,0.953238,0.958110,0.952385,0.958769,0.963864,0.969863,0.971013,0.975454,0.975712,0.910383,1.000000,0.990312,0.980005,0.972261,0.975658,0.960412,0.971350,0.962859,0.964213,0.958289,0.960237,0.959991,0.958155,0.958699,0.947924,0.946901,0.946179,0.954442,0.951598,0.956361,0.968762,0.976988,0.981299,0.987113,0.988589,0.990688,0.986839,0.899611,0.995259,0.987827,0.977652,0.969978,0.973358,0.958926,0.969674,0.960867,0.962209,0.956488,0.958484,0.961198,0.960331,0.953756,0.949703,0.948170,0.943600,0.950819,0.948536,0.949232,0.959745,0.966604,0.973825,0.977889,0.979902,0.982088,0.979962,0.902195,0.988890,0.985096,0.975293,0.968270,0.972083,0.957541,0.969982,0.953925,0.956364,0.957952
allando_v_savvaltas_alacsony_v55,0.948514,0.965822,0.962541,0.964159,0.952905,0.952521,0.952491,0.960275,0.956613,0.961120,0.955984,0.959787,0.967268,0.970307,0.973461,0.972788,0.974774,0.911858,0.990312,1.000000,0.983044,0.976435,0.976144,0.961448,0.971374,0.966044,0.966701,0.961866,0.959611,0.963667,0.960067,0.962245,0.951178,0.950754,0.950532,0.958497,0.954704,0.959085,0.972127,0.976845,0.983557,0.986631,0.991935,0.987110,0.985353,0.902342,0.987858,0.995793,0.980505,0.973890,0.973645,0.959668,0.969500,0.963959,0.964494,0.959720,0.958384,0.964396,0.961684,0.956857,0.952520,0.951657,0.947386,0.954522,0.951225,0.951741,0.962669,0.966996,0.976668,0.978792,0.982523,0.978561,0.978703,0.903905,0.982204,0.992005,0.978128,0.971926,0.972450,0.957335,0.969195,0.956241,0.958419,0.960667
allando_v_savvaltas_alacsony_v60,0.952199,0.972942,0.968714,0.970264,0.959404,0.958754,0.960498,0.971940,0.964488,0.968281,0.953923,0.959806,0.955113,0.960974,0.958829,0.962827,0.962658,0.905371,0.980005,0.983044,1.000000,0.983438,0.985507,0.973497,0.982028,0.972732,0.976124,0.968592,0.963581,0.970780,0.966302,0.968519,0.957867,0.957242,0.958414,0.970125,0.962652,0.966337,0.967061,0.973068,0.966643,0.973484,0.976611,0.977422,0.972797,0.901871,0.977905,0.980730,0.995552,0.980998,0.983004,0.971760,0.980061,0.970445,0.973862,0.966417,0.964208,0.969575,0.965346,0.964610,0.957158,0.955668,0.956221,0.966449,0.959907,0.960245,0.963585,0.969590,0.966605,0.970891,0.970082,0.972160,0.969446,0.903958,0.974972,0.974965,0.993101,0.979327,0.981792,0.969193,0.977085,0.965459,0.969413,0.965989
allando_v_savvaltas_alacsony_v65,0.950121,0.977097,0.972283,0.979897,0.963784,0.969546,0.964349,0.967613,0.970911,0.967764,0.958677,0.957617,0.952629,0.955511,0.956897,0.958555,0.962774,0.903968,0.972261,0.976435,0.983438,1.000000,0.992298,0.969388,0.983498,0.975217,0.978774,0.975718,0.960218,0.975140,0.970042,0.977530,0.962189,0.967799,0.962560,0.965638,0.969193,0.965977,0.971965,0.971003,0.964223,0.967115,0.973907,0.972255,0.972701,0.899261,0.971162,0.974436,0.981627,0.995912,0.989819,0.967671,0.981562,0.973007,0.976607,0.973682,0.962135,0.973647,0.969190,0.973070,0.961502,0.966201,0.960128,0.963000,0.966129,0.960300,0.967493,0.968148,0.964526,0.965918,0.967737,0.967732,0.969337,0.902349,0.968466,0.968980,0.979303,0.994150,0.988259,0.964719,0.978062,0.967996,0.972073,0.972735
allando_v_savvaltas_alacsony_v70,0.953195,0.976152,0.973117,0.977858,0.964779,0.967520,0.962680,0.967944,0.969685,0.968554,0.958413,0.960606,0.953564,0.959092,0.958968,0.962651,0.963681,0.906402,0.975658,0.976144,0.985507,0.992298,1.000000,0.970944,0.985742,0.977350,0.980766,0.974555,0.963422,0.974016,0.970717,0.975501,0.963334,0.965693,0.960812,0.966016,0.967986,0.966697,0.970804,0.973599,0.964923,0.970250,0.975327,0.976348,0.973116,0.901814,0.974623,0.974288,0.983982,0.990013,0.996032,0.968969,0.983719,0.975063,0.978398,0.972441,0.964359,0.972593,0.970189,0.971039,0.962605,0.964052,0.958289,0.962921,0.964731,0.960771,0.966454,0.970184,0.964369,0.967914,0.968742,0.971121,0.969312,0.904283,0.971477,0.968884,0.981778,0.988417,0.993663,0.966693,0.980647,0.969791,0.973480,0.971971
allando_v_savvaltas_alacsony_v75,0.941597,0.961120,0.956389,0.956832,0.945973,0.946695,0.951439,0.956661,0.951395,0.953380,0.939149,0.943774,0.938959,0.945374,0.943720,0.949576,0.949622,0.888970,0.960412,0.961448,0.973497,0.969388,0.970944,1.000000,0.974944,0.964854,0.965139,0.958015,0.951237,0.959017,0.954022,0.954772,0.944532,0.945054,0.949313,0.954926,0.949793,0.951613,0.950406,0.955477,0.950300,0.956593,0.959766,0.963405,0.959056,0.883920,0.959024,0.960031,0.971586,0.967601,0.968541,0.995887,0.972804,0.962466,0.962961,0.955993,0.951393,0.957507,0.952769,0.950799,0.943169,0.943126,0.947196,0.951466,0.947053,0.946146,0.948363,0.953425,0.951014,0.954486,0.954546,0.959064,0.956318,0.886806,0.956723,0.954650,0.969244,0.966060,0.967250,0.991819,0.969993,0.957373,0.958895,0.955316
allando_v_savvaltas_alacsony_v80,0.952382,0.974793,0.967774,0.973194,0.957423,0.964436,0.961464,0.966013,0.965553,0.964908,0.950132,0.954343,0.947085,0.953976,0.952379,0.957914,0.957328,0.901841,0.971350,0.971374,0.982028,0.983498,0.985742,0.974944,1.000000,0.974857,0.979419,0.973343,0.963401,0.972556,0.965235,0.970680,0.956127,0.962803,0.959230,0.963941,0.963750,0.962977,0.963953,0.969101,0.959393,0.966792,0.969695,0.973130,0.967987,0.897743,0.970263,0.969569,0.980524,0.981573,0.983545,0.973122,0.996342,0.972288,0.977057,0.971143,0.964319,0.972079,0.965167,0.967140,0.955969,0.961506,0.957080,0.961289,0.961319,0.958004,0.961558,0.966959,0.960411,0.965460,0.965138,0.969652,0.965789,0.900940,0.968861,0.964606,0.978546,0.980281,0.982463,0.971741,0.992167,0.968465,0.973623,0.971543
allando_v_savvaltas_alacsony_v85,0.939351,0.970675,0.970092,0.966590,0.962464,0.960594,0.960333,0.961749,0.962811,0.965132,0.944933,0.949420,0.943259,0.946049,0.949727,0.950451,0.953700,0.894582,0.962859,0.966044,0.972732,0.975217,0.977350,0.964854,0.974857,1.000000,0.984503,0.971187,0.949678,0.968425,0.967557,0.964200,0.960917,0.958826,0.958208,0.959811,0.960978,0.963203,0.957310,0.962536,0.953908,0.957223,0.966212,0.963470,0.963116,0.891308,0.961717,0.964526,0.971306,0.973660,0.975235,0.963083,0.972896,0.996275,0.982249,0.968953,0.951421,0.967093,0.966908,0.960725,0.960291,0.957272,0.955829,0.956635,0.958194,0.957393,0.955461,0.960199,0.955133,0.956407,0.961204,0.960018,0.960920,0.894683,0.959986,0.959624,0.969685,0.972528,0.974521,0.960393,0.970007,0.990215,0.979393,0.969042
allando_v_savvaltas_alacsony_v90,0.947114,0.982767,0.977773,0.980069,0.968158,0.969527,0.971118,0.973923,0.974506,0.974936,0.953455,0.955832,0.950322,0.952684,0.954443,0.955586,0.957834,0.901025,0.964213,0.966701,0.976124,0.978774,0.980766,0.965139,0.979419,0.984503,1.000000,0.980738,0.954981,0.980356,0.975084,0.977640,0.966779,0.967644,0.969026,0.971765,0.972578,0.972874,0.961798,0.963861,0.957685,0.959634,0.966630,0.964111,0.962702,0.897471,0.963174,0.964912,0.974991,0.977032,0.978807,0.963338,0.977454,0.982259,0.996337,0.978336,0.956979,0.978223,0.973330,0.973273,0.964950,0.964927,0.965656,0.967945,0.969113,0.967086,0.960905,0.962682,0.958939,0.959992,0.961770,0.961157,0.960893,0.900930,0.961394,0.960230,0.973535,0.976025,0.977924,0.960679,0.973598,0.978115,0.991363,0.977380
allando_v_savvaltas_alacsony_v95,0.933792,0.994489,0.986759,0.987906,0.979038,0.980505,0.984147,0.980270,0.984689,0.983518,0.947181,0.949712,0.942760,0.944156,0.946410,0.948031,0.951169,0.888631,0.958289,0.961866,0.968592,0.975718,0.974555,0.958015,0.973343,0.971187,0.980738,1.000000,0.942630,0.992200,0.984359,0.985909,0.977523,0.978398,0.982063,0.978478,0.982594,0.981574,0.956763,0.958281,0.951436,0.952436,0.959991,0.957982,0.957660,0.884802,0.957240,0.960439,0.967259,0.974155,0.972570,0.956407,0.971554,0.969168,0.978520,0.996323,0.947903,0.990337,0.981344,0.982002,0.974810,0.974552,0.978542,0.974581,0.978762,0.976844,0.958335,0.960175,0.956511,0.956699,0.958296,0.957801,0.959130,0.893470,0.955836,0.955821,0.965930,0.973130,0.971362,0.952975,0.967888,0.964876,0.974082,0.993477
allando_v_savvaltas_kozepes_v10,0.969352,0.944413,0.943404,0.943860,0.932421,0.928934,0.929346,0.939246,0.934949,0.937736,0.966181,0.960531,0.947287,0.952059,0.948077,0.950513,0.947139,0.926097,0.960237,0.959611,0.963581,0.960218,0.963422,0.951237,0.963401,0.949678,0.954981,0.942630,1.000000,0.943444,0.941983,0.942931,0.932259,0.928613,0.928335,0.938542,0.934331,0.936968,0.972735,0.970079,0.956054,0.959570,0.960573,0.962596,0.957196,0.924963,0.958863,0.958949,0.962821,0.959481,0.962308,0.950618,0.962395,0.948504,0.953793,0.941601,0.978466,0.941200,0.940784,0.939184,0.931159,0.927620,0.925934,0.936052,0.932065,0.931356,0.964047,0.964424,0.954003,0.956696,0.955485,0.957151,0.953299,0.923588,0.955681,0.953355,0.960957,0.958263,0.961475,0.948199,0.958573,0.943090,0.948223,0.940697
allando_v_savvaltas_kozepes_v100,0.936212,0.996322,0.984945,0.987375,0.975981,0.976993,0.983431,0.982431,0.984293,0.984408,0.949095,0.951719,0.947308,0.948973,0.951050,0.951286,0.953528,0.892063,0.959991,0.963667,0.970780,0.975140,0.974016,0.959017,0.972556,0.968425,0.980356,0.992200,0.943444,1.000000,0.987026,0.989500,0.978657,0.979026,0.985345,0.984378,0.986257,0.986332,0.957547,0.958390,0.953947,0.954458,0.962130,0.960947,0.961362,0.887516,0.962557,0.965814,0.973448,0.977268,0.976097,0.961311,0.974813,0.970550,0.982460,0.994514,0.949129,0.994350,0.982812,0.984399,0.975052,0.974604,0.981173,0.980006,0.981931,0.980858,0.958725,0.961856,0.960318,0.960637,0.962364,0.960533,0.961587,0.895848,0.960032,0.960442,0.971245,0.975382,0.974051,0.957037,0.969675,0.965322,0.976593,0.990937
allando_v_savvaltas_kozepes_v105,0.933662,0.984744,0.996109,0.987641,0.983867,0.979674,0.984187,0.985145,0.987432,0.988095,0.947576,0.952757,0.943118,0.945028,0.947033,0.949633,0.951483,0.889768,0.958155,0.960067,0.966302,0.970042,0.970717,0.954022,0.965235,0.967557,0.975084,0.984359,0.941983,0.987026,1.000000,0.989891,0.986386,0.981795,0.986072,0.987261,0.989430,0.990187,0.957000,0.960579,0.949853,0.950176,0.958044,0.960276,0.960358,0.885656,0.960433,0.962162,0.968686,0.972322,0.972748,0.956373,0.967445,0.969644,0.977064,0.986602,0.949020,0.982775,0.993550,0.985772,0.983046,0.978049,0.982786,0.982913,0.985270,0.984658,0.959557,0.965066,0.958416,0.958044,0.959577,0.960901,0.961303,0.894854,0.958367,0.956718,0.966734,0.970469,0.970834,0.952435,0.962965,0.965130,0.971640,0.982897
allando_v_savvaltas_kozepes_v110,0.935627,0.987359,0.987881,0.995770,0.978688,0.983730,0.982177,0.982420,0.989478,0.985057,0.950023,0.951991,0.944911,0.946618,0.948102,0.949571,0.951742,0.889085,0.958699,0.962245,0.968519,0.977530,0.975501,0.954772,0.970680,0.964200,0.977640,0.985909,0.942931,0.989500,0.989891,1.000000,0.981385,0.985694,0.984263,0.984444,0.991354,0.986994,0.959071,0.959043,0.951472,0.951802,0.958884,0.959275,0.959742,0.884568,0.961014,0.964443,0.970878,0.979704,0.977592,0.957072,0.972872,0.966414,0.979485,0.987861,0.949308,0.985757,0.985756,0.992601,0.977896,0.981070,0.980586,0.980112,0.986832,0.981663,0.960118,0.963005,0.958729,0.958883,0.960051,0.959666,0.960521,0.893348,0.959237,0.959141,0.969226,0.978007,0.975797,0.953202,0.968551,0.961714,0.974194,0.984023
allando_v_savvaltas_kozepes_v115,0.924484,0.976752,0.984579,0.979437,0.996098,0.986032,0.979094,0.978899,0.980270,0.980033,0.940198,0.945025,0.935521,0.936391,0.938063,0.939689,0.941095,0.880477,0.947924,0.951178,0.957867,0.962189,0.963334,0.944532,0.956127,0.960917,0.966779,0.977523,0.932259,0.978657,0.986386,0.981385,1.000000,0.988006,0.980822,0.980901,0.982209,0.981946,0.949475,0.952783,0.942523,0.941851,0.948758,0.949440,0.948929,0.877180,0.950148,0.953205,0.960310,0.964510,0.965130,0.946520,0.957979,0.962629,0.968407,0.979496,0.939540,0.974181,0.982267,0.977878,0.994576,0.984396,0.978296,0.977246,0.978521,0.977328,0.952771,0.958034,0.951229,0.949875,0.951122,0.951086,0.951509,0.886606,0.949251,0.948135,0.958661,0.962915,0.963335,0.943046,0.953952,0.958907,0.963801,0.975887
allando_v_savvaltas_kozepes_v120,0.921270,0.977200,0.980144,0.983500,0.985664,0.996322,0.977511,0.975174,0.982584,0.977428,0.938466,0.941699,0.931884,0.932695,0.935385,0.936627,0.938887,0.874903,0.946901,0.950754,0.957242,0.967799,0.965693,0.945054,0.962803,0.958826,0.967644,0.978398,0.928613,0.979026,0.981795,0.985694,0.988006,1.000000,0.979357,0.977222,0.984354,0.979366,0.949450,0.951004,0.939640,0.939011,0.947011,0.947307,0.947704,0.869328,0.949022,0.952739,0.959476,0.970206,0.967649,0.947227,0.964616,0.960552,0.969182,0.980171,0.935937,0.976252,0.978853,0.981576,0.985506,0.994524,0.976336,0.972797,0.979707,0.973497,0.949236,0.953967,0.946273,0.945231,0.948118,0.947941,0.949010,0.879010,0.947857,0.948166,0.957970,0.968661,0.965977,0.943524,0.961172,0.956512,0.965135,0.976726
allando_v_savvaltas_kozepes_v125,0.920795,0.983457,0.984487,0.982241,0.978264,0.977256,0.996347,0.987829,0.986973,0.985110,0.942264,0.941354,0.934198,0.934941,0.936978,0.938142,0.941870,0.877281,0.946179,0.950532,0.958414,0.962560,0.960812,0.949313,0.959230,0.958208,0.969026,0.982063,0.928335,0.985345,0.986072,0.984263,0.980822,0.979357,1.000000,0.989830,0.988921,0.987109,0.951907,0.947852,0.940359,0.939573,0.946838,0.946798,0.949200,0.873683,0.948334,0.952287,0.960798,0.964564,0.962651,0.951280,0.961298,0.960030,0.970616,0.983901,0.936149,0.981774,0.981893,0.980439,0.977037,0.974919,0.992435,0.985110,0.984952,0.982375,0.953177,0.953504,0.949357,0.948597,0.949543,0.949085,0.951539,0.883907,0.947528,0.947405,0.959186,0.963244,0.961282,0.947770,0.956941,0.956332,0.966278,0.980516
allando_v_savvaltas_kozepes_v130,0.929944,0.982691,0.985773,0.982350,0.978526,0.975076,0.987774,0.996501,0.986734,0.988116,0.945662,0.947971,0.941922,0.943688,0.943006,0.944336,0.945383,0.883072,0.954442,0.958497,0.970125,0.965638,0.966016,0.954926,0.963941,0.959811,0.971765,0.978478,0.938542,0.984378,0.987261,0.984444,0.980901,0.977222,0.989830,1.000000,0.988628,0.990089,0.955029,0.954047,0.947946,0.949113,0.953785,0.953747,0.952882,0.879879,0.956467,0.960304,0.972354,0.967622,0.967822,0.956883,0.965798,0.961692,0.973390,0.980100,0.946003,0.980389,0.982680,0.981255,0.976995,0.973083,0.985760,0.993174,0.985066,0.985573,0.957551,0.960555,0.957188,0.958215,0.956486,0.956472,0.955439,0.889844,0.955730,0.955254,0.970882,0.966043,0.966251,0.953686,0.961443,0.958088,0.968702,0.976539
allando_v_savvaltas_kozepes_v135,0.926831,0.984595,0.987882,0.989504,0.979674,0.982150,0.987064,0.986483,0.996667,0.991317,0.943915,0.947648,0.937954,0.940241,0.942361,0.943915,0.945235,0.881085,0.951598,0.954704,0.962652,0.969193,0.967986,0.949793,0.963750,0.960978,0.972578,0.982594,0.934331,0.986257,0.989430,0.991354,0.982209,0.984354,0.988921,0.988628,1.000000,0.993290,0.952542,0.954109,0.943520,0.944437,0.951871,0.952367,0.951940,0.877434,0.953749,0.956511,0.964916,0.971270,0.969718,0.951747,0.965602,0.962709,0.974185,0.984624,0.941935,0.982127,0.985054,0.987495,0.978233,0.979859,0.984960,0.984230,0.992907,0.988176,0.954735,0.959057,0.952105,0.952632,0.954129,0.953936,0.953936,0.887977,0.952418,0.951477,0.963233,0.969730,0.968063,0.948177,0.961368,0.958862,0.969587,0.980559
allando_v_savvaltas_kozepes_v140,0.929289,0.984551,0.988666,0.984901,0.979553,0.977164,0.985157,0.987896,0.991279,0.996573,0.944777,0.951113,0.943218,0.944804,0.946967,0.948810,0.950445,0.885356,0.956361,0.959085,0.966337,0.965977,0.966697,0.951613,0.962977,0.963203,0.972874,0.981574,0.936968,0.986332,0.990187,0.986994,0.981946,0.979366,0.987109,0.990089,0.993290,1.000000,0.952685,0.957114,0.948539,0.949258,0.956800,0.957916,0.957484,0.880533,0.958418,0.960928,0.968498,0.967974,0.968427,0.953610,0.964884,0.964989,0.974484,0.983329,0.944441,0.982499,0.985653,0.983215,0.978193,0.975190,0.983283,0.985333,0.988560,0.992272,0.955601,0.961899,0.957190,0.957404,0.959134,0.959453,0.959429,0.891084,0.957307,0.955964,0.966893,0.966369,0.966942,0.949934,0.960925,0.961134,0.969640,0.979854
allando_v_savvaltas_kozepes_v15,0.956530,0.957932,0.957797,0.959556,0.949243,0.949465,0.952325,0.955212,0.952790,0.953042,0.970984,0.968703,0.961467,0.960001,0.958706,0.957261,0.958054,0.922929,0.968762,0.972127,0.967061,0.971965,0.970804,0.950406,0.963953,0.957310,0.961798,0.956763,0.972735,0.957547,0.957000,0.959071,0.949475,0.949450,0.951907,0.955029,0.952542,0.952685,1.000000,0.981173,0.971088,0.970002,0.973392,0.970214,0.970364,0.920403,0.968316,0.971963,0.967167,0.971775,0.970351,0.950354,0.963554,0.956859,0.961237,0.956356,0.976216,0.957608,0.958060,0.956087,0.950349,0.950339,0.949828,0.953400,0.951598,0.948299,0.979621,0.974881,0.969443,0.968754,0.970012,0.967792,0.968497,0.922861,0.966403,0.969052,0.966053,0.970872,0.969922,0.948761,0.962927,0.952086,0.956914,0.956873
allando_v_savvaltas_kozepes_v20,0.956017,0.959100,0.961737,0.959905,0.952945,0.951408,0.948567,0.954507,0.954456,0.957732,0.962863,0.973419,0.960842,0.965778,0.966289,0.966817,0.964494,0.920074,0.976988,0.976845,0.973068,0.971003,0.973599,0.955477,0.969101,0.962536,0.963861,0.958281,0.970079,0.958390,0.960579,0.959043,0.952783,0.951004,0.947852,0.954047,0.954109,0.957114,0.981173,1.000000,0.978336,0.978300,0.978855,0.978596,0.975268,0.913400,0.975861,0.976181,0.972424,0.970466,0.972602,0.955103,0.968455,0.961612,0.962903,0.957541,0.970290,0.958744,0.962036,0.955726,0.954249,0.952465,0.946303,0.952002,0.952137,0.951486,0.976143,0.984267,0.972742,0.973892,0.973954,0.974600,0.972253,0.916762,0.972979,0.972860,0.971122,0.969526,0.972289,0.954079,0.968158,0.956847,0.958623,0.958836
allando_v_savvaltas_kozepes_v25,0.944630,0.954810,0.951197,0.952487,0.942793,0.940275,0.941314,0.948622,0.944055,0.949360,0.953319,0.956579,0.975590,0.974232,0.974296,0.971940,0.972477,0.911682,0.981299,0.983557,0.966643,0.964223,0.964923,0.950300,0.959393,0.953908,0.957685,0.951436,0.956054,0.953947,0.949853,0.951472,0.942523,0.939640,0.940359,0.947946,0.943520,0.948539,0.971088,0.978336,1.000000,0.990895,0.986049,0.980910,0.980692,0.900528,0.979939,0.982538,0.965927,0.963217,0.963746,0.949571,0.958566,0.952833,0.956539,0.950548,0.954538,0.955847,0.952862,0.947043,0.944726,0.941782,0.938488,0.945473,0.941330,0.943107,0.963302,0.963297,0.983831,0.981230,0.979298,0.974312,0.975650,0.903680,0.976184,0.982279,0.964452,0.962187,0.962959,0.949057,0.960642,0.947507,0.951795,0.952739
allando_v_savvaltas_kozepes_v30,0.947313,0.956030,0.952148,0.953421,0.942798,0.940222,0.941400,0.950450,0.945628,0.950743,0.951793,0.957093,0.969500,0.976302,0.972662,0.974098,0.973642,0.913354,0.987113,0.986631,0.973484,0.967115,0.970250,0.956593,0.966792,0.957223,0.959634,0.952436,0.959570,0.954458,0.950176,0.951802,0.941851,0.939011,0.939573,0.949113,0.944437,0.949258,0.970002,0.978300,0.990895,1.000000,0.989249,0.987108,0.982283,0.902577,0.984664,0.984835,0.971707,0.965337,0.968292,0.955286,0.965304,0.955390,0.957849,0.950924,0.957797,0.956338,0.953195,0.947486,0.944281,0.941258,0.937897,0.946949,0.942536,0.943866,0.961880,0.966309,0.980773,0.985979,0.982079,0.979880,0.976898,0.905664,0.980512,0.983879,0.969405,0.963779,0.966987,0.955222,0.967528,0.950158,0.953268,0.953282
allando_v_savvaltas_kozepes_v35,0.949356,0.963756,0.960144,0.960553,0.949959,0.948396,0.948476,0.955071,0.953137,0.958342,0.957324,0.961328,0.969215,0.972695,0.978322,0.975109,0.975307,0.915532,0.988589,0.991935,0.976611,0.973907,0.975327,0.959766,0.969695,0.966212,0.966630,0.959991,0.960573,0.962130,0.958044,0.958884,0.948758,0.947011,0.946838,0.953785,0.951871,0.956800,0.973392,0.978855,0.986049,0.989249,1.000000,0.990287,0.986408,0.904549,0.987120,0.990125,0.974902,0.971568,0.973072,0.958177,0.968100,0.964391,0.964777,0.958388,0.958599,0.962417,0.959637,0.953091,0.949930,0.947732,0.943757,0.950042,0.948244,0.949170,0.963466,0.968372,0.978426,0.980648,0.987022,0.980972,0.979163,0.906418,0.981139,0.986952,0.972468,0.969773,0.971654,0.956022,0.967746,0.956678,0.958469,0.959369
allando_v_savvaltas_kozepes_v40,0.951324,0.960487,0.960212,0.958864,0.948660,0.946681,0.946614,0.953118,0.951742,0.957438,0.953480,0.960813,0.964543,0.971393,0.972384,0.979097,0.975797,0.911841,0.990688,0.987110,0.977422,0.972255,0.976348,0.963405,0.973130,0.963470,0.964111,0.957982,0.962596,0.960947,0.960276,0.959275,0.949440,0.947307,0.946798,0.953747,0.952367,0.957916,0.970214,0.978596,0.980910,0.987108,0.990287,1.000000,0.990350,0.900622,0.991585,0.987782,0.977808,0.972297,0.976260,0.963999,0.973659,0.963664,0.964398,0.958515,0.960469,0.961183,0.961587,0.953404,0.950661,0.948108,0.943649,0.949686,0.948298,0.949597,0.960277,0.969445,0.974951,0.979658,0.982391,0.987573,0.982404,0.902587,0.984988,0.984368,0.974868,0.970094,0.974341,0.962247,0.973325,0.955820,0.957677,0.959301
allando_v_savvaltas_kozepes_v45,0.946186,0.959673,0.959097,0.958151,0.947137,0.946121,0.947741,0.951196,0.950395,0.956044,0.952546,0.957414,0.963729,0.966724,0.968704,0.971934,0.979587,0.908745,0.986839,0.985353,0.972797,0.972701,0.973116,0.959056,0.967987,0.963116,0.962702,0.957660,0.957196,0.961362,0.960358,0.959742,0.948929,0.947704,0.949200,0.952882,0.951940,0.957484,0.970364,0.975268,0.980692,0.982283,0.986408,0.990350,1.000000,0.897498,0.989473,0.987605,0.975019,0.974242,0.974613,0.961036,0.969916,0.964738,0.964372,0.959400,0.956546,0.962095,0.961890,0.954259,0.950391,0.948931,0.946188,0.949143,0.948145,0.949577,0.960654,0.967520,0.976177,0.977561,0.980360,0.982634,0.988999,0.900199,0.983016,0.983764,0.972203,0.971964,0.972928,0.958732,0.969565,0.957143,0.958119,0.960289
allando_v_savvaltas_kozepes_v5,0.908787,0.888382,0.886906,0.885386,0.877112,0.869749,0.874521,0.880514,0.878048,0.881241,0.902603,0.900538,0.886072,0.889889,0.887642,0.885259,0.884191,0.948435,0.899611,0.902342,0.901871,0.899261,0.901814,0.883920,0.897743,0.891308,0.897471,0.884802,0.924963,0.887516,0.885656,0.884568,0.877180,0.869328,0.873683,0.879879,0.877434,0.880533,0.920403,0.913400,0.900528,0.902577,0.904549,0.900622,0.897498,1.000000,0.898765,0.901456,0.901581,0.898740,0.901038,0.883564,0.897087,0.890622,0.896653,0.883926,0.924866,0.885405,0.884889,0.884903,0.876895,0.869587,0.873953,0.882058,0.878285,0.879632,0.916742,0.912342,0.902935,0.904307,0.903266,0.900477,0.898154,0.969899,0.900153,0.897162,0.899960,0.897549,0.900118,0.880508,0.893776,0.888177,0.894243,0.884333
allando_v_savvaltas_kozepes_v50,0.947978,0.960897,0.959161,0.959564,0.948160,0.947271,0.946729,0.954939,0.952191,0.956954,0.951346,0.958346,0.963468,0.969330,0.969933,0.973637,0.973258,0.910302,0.995259,0.987858,0.977905,0.971162,0.974623,0.959024,0.970263,0.961717,0.963174,0.957240,0.958863,0.962557,0.960433,0.961014,0.950148,0.949022,0.948334,0.956467,0.953749,0.958418,0.968316,0.975861,0.979939,0.984664,0.987120,0.991585,0.989473,0.898765,1.000000,0.990380,0.980389,0.972909,0.976169,0.961101,0.972172,0.963251,0.964738,0.958974,0.958261,0.963001,0.962043,0.955596,0.951555,0.950276,0.945599,0.952671,0.949992,0.950576,0.959059,0.968394,0.975521,0.979340,0.981357,0.983785,0.981814,0.901586,0.990829,0.986956,0.977212,0.970608,0.974193,0.959280,0.971580,0.955753,0.958186,0.959886
allando_v_savvaltas_kozepes_v55,0.948478,0.964162,0.960932,0.962412,0.951433,0.951108,0.950803,0.958630,0.955035,0.959444,0.955122,0.959867,0.967242,0.970284,0.972705,0.971567,0.972722,0.911804,0.987827,0.995793,0.980730,0.974436,0.974288,0.960031,0.969569,0.964526,0.964912,0.960439,0.958949,0.965814,0.962162,0.964443,0.953205,0.952739,0.952287,0.960304,0.956511,0.960928,0.971963,0.976181,0.982538,0.984835,0.990125,0.987782,0.987605,0.901456,0.990380,1.000000,0.982886,0.976217,0.975815,0.962011,0.971478,0.966230,0.966500,0.961989,0.958216,0.966056,0.963212,0.958491,0.954189,0.953570,0.949264,0.956092,0.952524,0.952850,0.962271,0.968502,0.978186,0.980030,0.983793,0.979923,0.980232,0.903232,0.983826,0.993890,0.979929,0.973660,0.974060,0.959025,0.970845,0.958011,0.960088,0.962387
allando_v_savvaltas_kozepes_v60,0.952070,0.971740,0.967414,0.969145,0.958031,0.957571,0.959102,0.970919,0.963396,0.967023,0.953513,0.959782,0.955052,0.960712,0.958310,0.961698,0.961209,0.905636,0.977652,0.980505,0.995552,0.981627,0.983982,0.971586,0.980524,0.971306,0.974991,0.967259,0.962821,0.973448,0.968686,0.970878,0.960310,0.959476,0.960798,0.972354,0.964916,0.968498,0.967167,0.972424,0.965927,0.971707,0.974902,0.977808,0.975019,0.901581,0.980389,0.982886,1.000000,0.983986,0.985971,0.973903,0.982603,0.973165,0.976762,0.969006,0.964447,0.971472,0.967302,0.966719,0.959209,0.957895,0.958411,0.968556,0.961821,0.961890,0.963622,0.971383,0.968311,0.972426,0.971631,0.973786,0.971126,0.903925,0.976721,0.976635,0.995037,0.981496,0.983902,0.970835,0.978579,0.967460,0.971561,0.968006
allando_v_savvaltas_kozepes_v65,0.949844,0.975336,0.970818,0.978256,0.962365,0.968490,0.962904,0.966142,0.969666,0.966368,0.957844,0.957583,0.952004,0.955069,0.956092,0.957457,0.960891,0.903794,0.969978,0.973890,0.980998,0.995912,0.990013,0.967601,0.981573,0.973660,0.977032,0.974155,0.959481,0.977268,0.972322,0.979704,0.964510,0.970206,0.964564,0.967622,0.971270,0.967974,0.971775,0.970466,0.963217,0.965337,0.971568,0.972297,0.974242,0.898740,0.972909,0.976217,0.983986,1.000000,0.992351,0.970068,0.983704,0.975529,0.978909,0.975984,0.962135,0.975233,0.970747,0.974920,0.963326,0.968386,0.962122,0.964791,0.967788,0.961703,0.967412,0.969655,0.966019,0.966956,0.968706,0.968950,0.970630,0.901981,0.969761,0.970335,0.980997,0.995767,0.989841,0.966300,0.979641,0.969711,0.973899,0.974389
allando_v_savvaltas_kozepes_v70,0.952549,0.974129,0.971200,0.975983,0.962924,0.965784,0.960947,0.966218,0.968014,0.966764,0.957315,0.960118,0.952952,0.958352,0.957856,0.961235,0.961828,0.905974,0.973358,0.973645,0.983004,0.989819,0.996032,0.968541,0.983545,0.975235,0.978807,0.972570,0.962308,0.976097,0.972748,0.977592,0.965130,0.967649,0.962651,0.967822,0.969718,0.968427,0.970351,0.972602,0.963746,0.968292,0.973072,0.976260,0.974613,0.901038,0.976169,0.975815,0.985971,0.992351,1.000000,0.971141,0.985809,0.977233,0.980685,0.974537,0.964101,0.973947,0.971481,0.972635,0.964055,0.965796,0.959928,0.964533,0.966098,0.961869,0.966020,0.971314,0.965499,0.968799,0.969547,0.972175,0.970376,0.903691,0.972663,0.970056,0.983253,0.989857,0.995359,0.967878,0.981936,0.971159,0.974978,0.973317
allando_v_savvaltas_kozepes_v75,0.941585,0.959426,0.954885,0.955290,0.944496,0.945121,0.949999,0.955228,0.950002,0.951963,0.938516,0.943985,0.938950,0.945360,0.943228,0.948862,0.948408,0.889191,0.958926,0.959668,0.971760,0.967671,0.968969,0.995887,0.973122,0.963083,0.963338,0.956407,0.950618,0.961311,0.956373,0.957072,0.946520,0.947227,0.951280,0.956883,0.951747,0.953610,0.950354,0.955103,0.949571,0.955286,0.958177,0.963999,0.961036,0.883564,0.961101,0.962011,0.973903,0.970068,0.971141,1.000000,0.975370,0.964910,0.965263,0.958343,0.951472,0.958930,0.954319,0.952483,0.944852,0.944963,0.948675,0.953081,0.948344,0.947277,0.948100,0.954821,0.952380,0.955603,0.955611,0.960274,0.957613,0.886666,0.958177,0.956177,0.970854,0.967591,0.968827,0.993458,0.971432,0.958850,0.960242,0.956702
allando_v_savvaltas_kozepes_v80,0.951879,0.972888,0.965965,0.971265,0.955620,0.962797,0.959791,0.964268,0.963916,0.963220,0.949036,0.954015,0.946774,0.953799,0.951729,0.956982,0.956055,0.901770,0.969674,0.969500,0.980061,0.981562,0.983719,0.972804,0.996342,0.972896,0.977454,0.971554,0.962395,0.974813,0.967445,0.972872,0.957979,0.964616,0.961298,0.965798,0.965602,0.964884,0.963554,0.968455,0.958566,0.965304,0.968100,0.973659,0.969916,0.897087,0.972172,0.971478,0.982603,0.983704,0.985809,0.975370,1.000000,0.974755,0.979397,0.973452,0.963989,0.973473,0.966550,0.968672,0.957384,0.963170,0.958690,0.962805,0.962575,0.959033,0.961011,0.968128,0.961577,0.966458,0.966101,0.970739,0.966975,0.900522,0.970161,0.965911,0.979914,0.981524,0.983816,0.973069,0.993565,0.969817,0.975057,0.972841
allando_v_savvaltas_kozepes_v85,0.938541,0.968541,0.968027,0.964365,0.960439,0.958690,0.958331,0.959904,0.960981,0.963243,0.943850,0.948983,0.942725,0.945617,0.948969,0.949297,0.952153,0.894413,0.960867,0.963959,0.970445,0.973007,0.975063,0.962466,0.972288,0.996275,0.982259,0.969168,0.948504,0.970550,0.969644,0.966414,0.962629,0.960552,0.960030,0.961692,0.962709,0.964989,0.956859,0.961612,0.952833,0.955390,0.964391,0.963664,0.964738,0.890622,0.963251,0.966230,0.973165,0.975529,0.977233,0.964910,0.974755,1.000000,0.984519,0.971190,0.950961,0.968326,0.968081,0.962071,0.961496,0.958700,0.957261,0.957974,0.959379,0.958276,0.954932,0.961207,0.956230,0.957122,0.961840,0.960852,0.961792,0.894177,0.961037,0.960648,0.970816,0.973352,0.975533,0.961318,0.971095,0.991369,0.980688,0.970178
allando_v_savvaltas_kozepes_v90,0.946423,0.980482,0.975482,0.977603,0.965922,0.967360,0.969001,0.971552,0.972491,0.972811,0.952112,0.955192,0.949700,0.952211,0.953568,0.954365,0.956225,0.900688,0.962209,0.964494,0.973862,0.976607,0.978398,0.962961,0.977057,0.982249,0.996337,0.978520,0.953793,0.982460,0.977064,0.979485,0.968407,0.969182,0.970616,0.973390,0.974185,0.974484,0.961237,0.962903,0.956539,0.957849,0.964777,0.964398,0.964372,0.896653,0.964738,0.966500,0.976762,0.978909,0.980685,0.965263,0.979397,0.984519,1.000000,0.980525,0.956361,0.979295,0.974399,0.974642,0.966042,0.966353,0.967072,0.969240,0.970234,0.967922,0.960284,0.963598,0.959910,0.960725,0.962412,0.961915,0.961783,0.900322,0.962247,0.961073,0.974434,0.976863,0.978822,0.961648,0.974647,0.979396,0.992679,0.978491
allando_v_savvaltas_kozepes_v95,0.933403,0.992232,0.984538,0.985547,0.976935,0.978046,0.982176,0.978080,0.982611,0.981432,0.946126,0.949233,0.942307,0.943939,0.945721,0.947154,0.949760,0.888256,0.956488,0.959720,0.966417,0.973682,0.972441,0.955993,0.971143,0.968953,0.978336,0.996323,0.941601,0.994514,0.986602,0.987861,0.979496,0.980171,0.983901,0.980100,0.984624,0.983329,0.956356,0.957541,0.950548,0.950924,0.958388,0.958515,0.959400,0.883926,0.958974,0.961989,0.969006,0.975984,0.974537,0.958343,0.973452,0.971190,0.980525,1.000000,0.947591,0.991365,0.982642,0.983237,0.976136,0.976042,0.980112,0.976163,0.980096,0.978038,0.958045,0.961332,0.957681,0.957516,0.959217,0.958694,0.960169,0.892897,0.956807,0.956754,0.966845,0.974090,0.972379,0.954105,0.968843,0.966171,0.975170,0.994724
allando_v_savvaltas_magas_v10,0.956098,0.949411,0.949717,0.949579,0.939028,0.935795,0.936381,0.946192,0.942097,0.944686,0.948451,0.952695,0.939536,0.942965,0.938656,0.941060,0.939476,0.918603,0.958484,0.958384,0.964208,0.962135,0.964359,0.951393,0.964319,0.951421,0.956979,0.947903,0.978466,0.949129,0.949020,0.949308,0.939540,0.935937,0.936149,0.946003,0.941935,0.944441,0.976216,0.970290,0.954538,0.957797,0.958599,0.960469,0.956546,0.924866,0.958261,0.958216,0.964447,0.962135,0.964101,0.951472,0.963989,0.950961,0.956361,0.947591,1.000000,0.948897,0.949075,0.952144,0.940528,0.936344,0.939799,0.949538,0.945647,0.946249,0.978013,0.977019,0.965428,0.967492,0.965127,0.967357,0.963341,0.933832,0.963535,0.955138,0.964203,0.961746,0.964323,0.951142,0.961953,0.952467,0.957042,0.948506
allando_v_savvaltas_magas_v100,0.933229,0.993150,0.981805,0.984387,0.972249,0.975120,0.980705,0.979053,0.981161,0.981331,0.945665,0.948671,0.946589,0.948352,0.950360,0.950489,0.952749,0.891188,0.961198,0.964396,0.969575,0.973647,0.972593,0.957507,0.972079,0.967093,0.978223,0.990337,0.941200,0.994350,0.982775,0.985757,0.974181,0.976252,0.981774,0.980389,0.982127,0.982499,0.957608,0.958744,0.955847,0.956338,0.962417,0.961183,0.962095,0.885405,0.963001,0.966056,0.971472,0.975233,0.973947,0.958930,0.973473,0.968326,0.979295,0.991365,0.948897,1.000000,0.984561,0.985768,0.975942,0.976399,0.981555,0.979515,0.981592,0.980017,0.959416,0.962107,0.962808,0.964387,0.966344,0.965024,0.966169,0.894381,0.965078,0.964963,0.972595,0.976357,0.975583,0.959162,0.974206,0.968241,0.979288,0.993609
allando_v_savvaltas_magas_v105,0.931498,0.981605,0.992385,0.984439,0.980257,0.977596,0.980773,0.981386,0.983807,0.984441,0.945046,0.950734,0.942990,0.945113,0.947266,0.949668,0.951450,0.889007,0.960331,0.961684,0.965346,0.969190,0.970189,0.952769,0.965167,0.966908,0.973330,0.981344,0.940784,0.982812,0.993550,0.985756,0.982267,0.978853,0.981893,0.982680,0.985054,0.985653,0.958060,0.962036,0.952862,0.953195,0.959637,0.961587,0.961890,0.884889,0.962043,0.963212,0.967302,0.970747,0.971481,0.954319,0.966550,0.968081,0.974399,0.982642,0.949075,0.984561,1.000000,0.986369,0.984620,0.979896,0.982162,0.982281,0.984683,0.983411,0.960498,0.965836,0.960873,0.961850,0.964060,0.965590,0.966042,0.893847,0.963798,0.961844,0.968120,0.971693,0.972845,0.954894,0.967379,0.968496,0.973888,0.984500
allando_v_savvaltas_magas_v110,0.927520,0.983145,0.984628,0.991179,0.975811,0.980085,0.979196,0.979668,0.986449,0.981867,0.940631,0.942417,0.934552,0.936457,0.937820,0.939132,0.941260,0.886111,0.953756,0.956857,0.964610,0.973070,0.971039,0.950799,0.967140,0.960725,0.973273,0.982002,0.939184,0.984399,0.985772,0.992601,0.977878,0.981576,0.980439,0.981255,0.987495,0.983215,0.956087,0.955726,0.947043,0.947486,0.953091,0.953404,0.954259,0.884903,0.955596,0.958491,0.966719,0.974920,0.972635,0.952483,0.968672,0.962071,0.974642,0.983237,0.952144,0.985768,0.986369,1.000000,0.978690,0.981493,0.984597,0.984571,0.990267,0.984954,0.964351,0.966044,0.961346,0.962444,0.962972,0.963163,0.964084,0.897625,0.962077,0.956707,0.967459,0.975719,0.973880,0.952268,0.968734,0.966023,0.977671,0.983556
allando_v_savvaltas_magas_v115,0.922277,0.973786,0.981840,0.976565,0.992582,0.984206,0.975953,0.975684,0.977055,0.977007,0.937411,0.942857,0.935145,0.936287,0.938072,0.939591,0.940962,0.880552,0.949703,0.952520,0.957158,0.961502,0.962605,0.943169,0.955969,0.960291,0.964950,0.974810,0.931159,0.975052,0.983046,0.977896,0.994576,0.985506,0.977037,0.976995,0.978233,0.978193,0.950349,0.954249,0.944726,0.944281,0.949930,0.950661,0.950391,0.876895,0.951555,0.954189,0.959209,0.963326,0.964055,0.944852,0.957384,0.961496,0.966042,0.976136,0.940528,0.975942,0.984620,0.978690,1.000000,0.986593,0.977825,0.976927,0.978019,0.976476,0.953933,0.959232,0.953995,0.953552,0.955198,0.955545,0.955848,0.886871,0.954121,0.952579,0.959967,0.964249,0.965171,0.945442,0.957758,0.962032,0.965664,0.977641
allando_v_savvaltas_magas_v120,0.919063,0.973230,0.976767,0.979647,0.982678,0.992849,0.973707,0.971412,0.978572,0.973751,0.936367,0.939811,0.931370,0.932622,0.935493,0.936545,0.938758,0.875464,0.948170,0.951657,0.955668,0.966201,0.964052,0.943126,0.961506,0.957272,0.964927,0.974552,0.927620,0.974604,0.978049,0.981070,0.984396,0.994524,0.974919,0.973083,0.979859,0.975190,0.950339,0.952465,0.941782,0.941258,0.947732,0.948108,0.948931,0.869587,0.950276,0.953570,0.957895,0.968386,0.965796,0.944963,0.963170,0.958700,0.966353,0.976042,0.936344,0.976399,0.979896,0.981493,0.986593,1.000000,0.975942,0.972790,0.979191,0.972806,0.950408,0.955437,0.949198,0.948820,0.951868,0.951907,0.952871,0.879311,0.952261,0.952107,0.958302,0.968648,0.966515,0.945040,0.963856,0.958514,0.966104,0.977088
allando_v_savvaltas_magas_v125,0.914484,0.979717,0.981442,0.978989,0.976518,0.975025,0.991159,0.984227,0.983592,0.981831,0.934229,0.933579,0.926165,0.927130,0.928927,0.930164,0.933599,0.874765,0.943600,0.947386,0.956221,0.960128,0.958289,0.947196,0.957080,0.955829,0.965656,0.978542,0.925934,0.981173,0.982786,0.980586,0.978296,0.976336,0.992435,0.985760,0.984960,0.983283,0.949828,0.946303,0.938488,0.937897,0.943757,0.943649,0.946188,0.873953,0.945599,0.949264,0.958411,0.962122,0.959928,0.948675,0.958690,0.957261,0.967072,0.980112,0.939799,0.981555,0.982162,0.984597,0.977825,0.975942,1.000000,0.989140,0.988491,0.986004,0.958108,0.958168,0.954221,0.953827,0.954126,0.953937,0.956191,0.888321,0.951793,0.946631,0.958563,0.961993,0.960479,0.947551,0.957820,0.960939,0.969582,0.979954
allando_v_savvaltas_magas_v130,0.922682,0.978739,0.981841,0.978710,0.975304,0.971215,0.983866,0.991713,0.982809,0.984004,0.938019,0.938981,0.932112,0.934825,0.934047,0.935149,0.936178,0.882332,0.950819,0.954522,0.966449,0.963000,0.962921,0.951466,0.961289,0.956635,0.967945,0.974581,0.936052,0.980006,0.982913,0.980112,0.977246,0.972797,0.985110,0.993174,0.984230,0.985333,0.953400,0.952002,0.945473,0.946949,0.950042,0.949686,0.949143,0.882058,0.952671,0.956092,0.968556,0.964791,0.964533,0.953081,0.962805,0.957974,0.969240,0.976163,0.949538,0.979515,0.982281,0.984571,0.976927,0.972790,0.989140,1.000000,0.988831,0.989084,0.963019,0.965008,0.961631,0.963129,0.960887,0.960699,0.959879,0.895822,0.959303,0.953609,0.968481,0.964703,0.964949,0.952674,0.961728,0.962060,0.971433,0.975923
allando_v_savvaltas_magas_v135,0.919514,0.980710,0.984277,0.985518,0.976595,0.978496,0.983945,0.983802,0.991722,0.987330,0.936627,0.939364,0.929471,0.931830,0.933699,0.935197,0.936792,0.878669,0.948536,0.951225,0.959907,0.966129,0.964731,0.947053,0.961319,0.958194,0.969113,0.978762,0.932065,0.981931,0.985270,0.986832,0.978521,0.979707,0.984952,0.985066,0.992907,0.988560,0.951598,0.952137,0.941330,0.942536,0.948244,0.948298,0.948145,0.878285,0.949992,0.952524,0.961821,0.967788,0.966098,0.948344,0.962575,0.959379,0.970234,0.980096,0.945647,0.981592,0.984683,0.990267,0.978019,0.979191,0.988491,0.988831,1.000000,0.992036,0.960188,0.963845,0.956903,0.957580,0.958627,0.958559,0.958327,0.892581,0.956089,0.949885,0.961657,0.967580,0.966440,0.947491,0.961572,0.962891,0.972366,0.979708
allando_v_savvaltas_magas_v140,0.918685,0.979970,0.983905,0.980650,0.975760,0.972311,0.981614,0.984512,0.987081,0.991363,0.934322,0.939552,0.930946,0.932693,0.934424,0.936440,0.938196,0.880169,0.949232,0.951741,0.960245,0.960300,0.960771,0.946146,0.958004,0.957393,0.967086,0.976844,0.931356,0.980858,0.984658,0.981663,0.977328,0.973497,0.982375,0.985573,0.988176,0.992272,0.948299,0.951486,0.943107,0.943866,0.949170,0.949597,0.949577,0.879632,0.950576,0.952850,0.961890,0.961703,0.961869,0.947277,0.959033,0.958276,0.967922,0.978038,0.946249,0.980017,0.983411,0.984954,0.976476,0.972806,0.986004,0.989084,0.992036,1.000000,0.959907,0.964672,0.960275,0.960225,0.960707,0.961297,0.961042,0.895357,0.956802,0.950599,0.961819,0.961433,0.962037,0.946249,0.958082,0.961918,0.969586,0.977333
allando_v_savvaltas_magas_v15,0.944637,0.959102,0.960307,0.960404,0.952246,0.949292,0.953758,0.957677,0.954814,0.955926,0.955720,0.951813,0.940447,0.943797,0.944229,0.943396,0.944553,0.915163,0.959745,0.962669,0.963585,0.967493,0.966454,0.948363,0.961558,0.955461,0.960905,0.958335,0.964047,0.958725,0.959557,0.960118,0.952771,0.949236,0.953177,0.957551,0.954735,0.955601,0.979621,0.976143,0.963302,0.961880,0.963466,0.960277,0.960654,0.916742,0.959059,0.962271,0.963622,0.967412,0.966020,0.948100,0.961011,0.954932,0.960284,0.958045,0.978013,0.959416,0.960498,0.964351,0.953933,0.950408,0.958108,0.963019,0.960188,0.959907,1.000000,0.983713,0.975152,0.974165,0.972744,0.970880,0.971141,0.928810,0.966158,0.960018,0.963505,0.967365,0.966487,0.947689,0.960863,0.958744,0.962432,0.959395
allando_v_savvaltas_magas_v20,0.945744,0.960755,0.964359,0.961955,0.956528,0.952793,0.952641,0.959418,0.957951,0.960951,0.951618,0.960118,0.943074,0.946965,0.945430,0.947271,0.947391,0.912989,0.966604,0.966996,0.969590,0.968148,0.970184,0.953425,0.966959,0.960199,0.962682,0.960175,0.964424,0.961856,0.965066,0.963005,0.958034,0.953967,0.953504,0.960555,0.959057,0.961899,0.974881,0.984267,0.963297,0.966309,0.968372,0.969445,0.967520,0.912342,0.968394,0.968502,0.971383,0.969655,0.971314,0.954821,0.968128,0.961207,0.963598,0.961332,0.977019,0.962107,0.965836,0.966044,0.959232,0.955437,0.958168,0.965008,0.963845,0.964672,0.983713,1.000000,0.980509,0.980429,0.978308,0.979284,0.976533,0.923807,0.974014,0.965890,0.971287,0.969164,0.971511,0.954470,0.967659,0.963436,0.964847,0.962265
allando_v_savvaltas_magas_v25,0.937056,0.959181,0.957587,0.957557,0.949621,0.945061,0.948544,0.956040,0.950991,0.956173,0.944742,0.948771,0.958935,0.957223,0.955802,0.954196,0.956697,0.908492,0.973825,0.976668,0.966605,0.964526,0.964369,0.951014,0.960411,0.955133,0.958939,0.956511,0.954003,0.960318,0.958416,0.958729,0.951229,0.946273,0.949357,0.957188,0.952105,0.957190,0.969443,0.972742,0.983831,0.980773,0.978426,0.974951,0.976177,0.902935,0.975521,0.978186,0.968311,0.966019,0.965499,0.952380,0.961577,0.956230,0.959910,0.957681,0.965428,0.962808,0.960873,0.961346,0.953995,0.949198,0.954221,0.961631,0.956903,0.960275,0.975152,0.980509,1.000000,0.991154,0.987731,0.983213,0.984225,0.914598,0.981186,0.978761,0.968094,0.965435,0.965590,0.952706,0.963836,0.958361,0.961370,0.959982
allando_v_savvaltas_magas_v30,0.940257,0.959783,0.957605,0.958154,0.948479,0.944291,0.947928,0.957191,0.951716,0.956571,0.944792,0.949462,0.956843,0.962032,0.957900,0.958193,0.957943,0.910382,0.977889,0.978792,0.970891,0.965918,0.967914,0.954486,0.965460,0.956407,0.959992,0.956699,0.956696,0.960637,0.958044,0.958883,0.949875,0.945231,0.948597,0.958215,0.952632,0.957404,0.968754,0.973892,0.981230,0.985979,0.980648,0.979658,0.977561,0.904307,0.979340,0.980030,0.972426,0.966956,0.968799,0.955603,0.966458,0.957122,0.960725,0.957516,0.967492,0.964387,0.961850,0.962444,0.953552,0.948820,0.953827,0.963129,0.957580,0.960225,0.974165,0.980429,0.991154,1.000000,0.991821,0.989231,0.986524,0.915417,0.986493,0.981765,0.973587,0.967775,0.970129,0.957869,0.969978,0.960328,0.963151,0.961155
allando_v_savvaltas_magas_v35,0.939686,0.961479,0.959200,0.959288,0.949590,0.947145,0.948910,0.955595,0.953188,0.958389,0.946572,0.950089,0.955959,0.959550,0.963474,0.960660,0.960414,0.910929,0.979902,0.982523,0.970082,0.967737,0.968742,0.954546,0.965138,0.961204,0.961770,0.958296,0.955485,0.962364,0.959577,0.960051,0.951122,0.948118,0.949543,0.956486,0.954129,0.959134,0.970012,0.973954,0.979298,0.982079,0.987022,0.982391,0.980360,0.903266,0.981357,0.983793,0.971631,0.968706,0.969547,0.955611,0.966101,0.961840,0.962412,0.959217,0.965127,0.966344,0.964060,0.962972,0.955198,0.951868,0.954126,0.960887,0.958627,0.960707,0.972744,0.978308,0.987731,0.991821,1.000000,0.990870,0.988562,0.913918,0.987626,0.985621,0.972631,0.969743,0.970952,0.957247,0.969689,0.964179,0.964424,0.963138
allando_v_savvaltas_magas_v40,0.940563,0.959617,0.960442,0.958801,0.949630,0.946893,0.948280,0.955377,0.952966,0.958609,0.943301,0.949357,0.949964,0.956509,0.957151,0.962983,0.960191,0.908055,0.982088,0.978561,0.972160,0.967732,0.971121,0.959064,0.969652,0.960018,0.961157,0.957801,0.957151,0.960533,0.960901,0.959666,0.951086,0.947941,0.949085,0.956472,0.953936,0.959453,0.967792,0.974600,0.974312,0.979880,0.980972,0.987573,0.982634,0.900477,0.983785,0.979923,0.973786,0.968950,0.972175,0.960274,0.970739,0.960852,0.961915,0.958694,0.967357,0.965024,0.965590,0.963163,0.955545,0.951907,0.953937,0.960699,0.958559,0.961297,0.970880,0.979284,0.983213,0.989231,0.990870,1.000000,0.991848,0.911352,0.991268,0.982285,0.975339,0.970196,0.973702,0.962872,0.974925,0.964036,0.964751,0.963184
allando_v_savvaltas_magas_v45,0.936753,0.960590,0.960712,0.959527,0.949941,0.947890,0.950619,0.954306,0.952919,0.958528,0.943418,0.947251,0.950832,0.953671,0.955522,0.958491,0.964930,0.905930,0.979962,0.978703,0.969446,0.969337,0.969312,0.956318,0.965789,0.960920,0.960893,0.959130,0.953299,0.961587,0.961303,0.960521,0.951509,0.949010,0.951539,0.955439,0.953936,0.959429,0.968497,0.972253,0.975650,0.976898,0.979163,0.982404,0.988999,0.898154,0.981814,0.980232,0.971126,0.970630,0.970376,0.957613,0.966975,0.961792,0.961783,0.960169,0.963341,0.966169,0.966042,0.964084,0.955848,0.952871,0.956191,0.959879,0.958327,0.961042,0.971141,0.976533,0.984225,0.986524,0.988562,0.991848,1.000000,0.909070,0.989213,0.982502,0.972533,0.972148,0.972139,0.959492,0.971137,0.964853,0.964577,0.964479
allando_v_savvaltas_magas_v5,0.906549,0.896454,0.895811,0.893832,0.886251,0.879218,0.884577,0.890298,0.888392,0.891559,0.899157,0.896551,0.881539,0.885678,0.883028,0.880873,0.880335,0.939106,0.902195,0.903905,0.903958,0.902349,0.904283,0.886806,0.900940,0.894683,0.900930,0.893470,0.923588,0.895848,0.894854,0.893348,0.886606,0.879010,0.883907,0.889844,0.887977,0.891084,0.922861,0.916762,0.903680,0.905664,0.906418,0.902587,0.900199,0.969899,0.901586,0.903232,0.903925,0.901981,0.903691,0.886666,0.900522,0.894177,0.900322,0.892897,0.933832,0.894381,0.893847,0.897625,0.886871,0.879311,0.888321,0.895822,0.892581,0.895357,0.928810,0.923807,0.914598,0.915417,0.913918,0.911352,0.909070,1.000000,0.908370,0.900215,0.902470,0.900957,0.902517,0.884450,0.897995,0.896775,0.902300,0.893607
allando_v_savvaltas_magas_v50,0.939924,0.959029,0.957809,0.958095,0.947729,0.946681,0.946389,0.954536,0.951467,0.956339,0.942250,0.948213,0.952430,0.958090,0.958799,0.962060,0.961648,0.908727,0.988890,0.982204,0.974972,0.968466,0.971477,0.956723,0.968861,0.959986,0.961394,0.955836,0.955681,0.960032,0.958367,0.959237,0.949251,0.947857,0.947528,0.955730,0.952418,0.957307,0.966403,0.972979,0.976184,0.980512,0.981139,0.984988,0.983016,0.900153,0.990829,0.983826,0.976721,0.969761,0.972663,0.958177,0.970161,0.961037,0.962247,0.956807,0.963535,0.965078,0.963798,0.962077,0.954121,0.952261,0.951793,0.959303,0.956089,0.956802,0.966158,0.974014,0.981186,0.986493,0.987626,0.991268,0.989213,0.908370,1.000000,0.986781,0.978639,0.971312,0.974487,0.960731,0.974483,0.963513,0.964774,0.961758
allando_v_savvaltas_magas_v55,0.943034,0.959423,0.955966,0.957762,0.946551,0.946847,0.946280,0.954068,0.950564,0.954981,0.950006,0.954531,0.964526,0.967305,0.970107,0.968793,0.969429,0.908942,0.985096,0.992005,0.974965,0.968980,0.968884,0.954650,0.964606,0.959624,0.960230,0.955821,0.953355,0.960442,0.956718,0.959141,0.948135,0.948166,0.947405,0.955254,0.951477,0.955964,0.969052,0.972860,0.982279,0.983879,0.986952,0.984368,0.983764,0.897162,0.986956,0.993890,0.976635,0.970335,0.970056,0.956177,0.965911,0.960648,0.961073,0.956754,0.955138,0.964963,0.961844,0.956707,0.952579,0.952107,0.946631,0.953609,0.949885,0.950599,0.960018,0.965890,0.978761,0.981765,0.985621,0.982285,0.982502,0.900215,0.986781,1.000000,0.978731,0.972263,0.972004,0.958165,0.970499,0.957188,0.958902,0.960980
allando_v_savvaltas_magas_v60,0.950404,0.970236,0.966081,0.967874,0.956941,0.956614,0.957949,0.969683,0.962247,0.965858,0.951916,0.958221,0.953572,0.958947,0.957087,0.959932,0.959209,0.903875,0.975293,0.978128,0.993101,0.979303,0.981778,0.969244,0.978546,0.969685,0.973535,0.965930,0.960957,0.971245,0.966734,0.969226,0.958661,0.957970,0.959186,0.970882,0.963233,0.966893,0.966053,0.971122,0.964452,0.969405,0.972468,0.974868,0.972203,0.899960,0.977212,0.979929,0.995037,0.980997,0.983253,0.970854,0.979914,0.970816,0.974434,0.966845,0.964203,0.972595,0.968120,0.967459,0.959967,0.958302,0.958563,0.968481,0.961657,0.961819,0.963505,0.971287,0.968094,0.973587,0.972631,0.975339,0.972533,0.902470,0.978639,0.978731,1.000000,0.983130,0.985518,0.971866,0.979929,0.968545,0.972773,0.968955
allando_v_savvaltas_magas_v65,0.949054,0.974307,0.969742,0.977318,0.961230,0.967475,0.962060,0.965191,0.968773,0.965375,0.956805,0.956285,0.950941,0.953984,0.955360,0.956358,0.959461,0.902697,0.968270,0.971926,0.979327,0.994150,0.988417,0.966060,0.980281,0.972528,0.976025,0.973130,0.958263,0.975382,0.970469,0.978007,0.962915,0.968661,0.963244,0.966043,0.969730,0.966369,0.970872,0.969526,0.962187,0.963779,0.969773,0.970094,0.971964,0.897549,0.970608,0.973660,0.981496,0.995767,0.989857,0.967591,0.981524,0.973352,0.976863,0.974090,0.961746,0.976357,0.971693,0.975719,0.964249,0.968648,0.961993,0.964703,0.967580,0.961433,0.967365,0.969164,0.965435,0.967775,0.969743,0.970196,0.972148,0.900957,0.971312,0.972263,0.983130,1.000000,0.991655,0.967996,0.980843,0.970892,0.974976,0.975754
allando_v_savvaltas_magas_v70,0.951951,0.972925,0.970093,0.974884,0.961581,0.964702,0.960031,0.965235,0.967021,0.965893,0.956621,0.959533,0.952475,0.957797,0.957680,0.960473,0.960845,0.905066,0.972083,0.972450,0.981792,0.988259,0.993663,0.967250,0.982463,0.974521,0.977924,0.971362,0.961475,0.974051,0.970834,0.975797,0.963335,0.965977,0.961282,0.966251,0.968063,0.966942,0.969922,0.972289,0.962959,0.966987,0.971654,0.974341,0.972928,0.900118,0.974193,0.974060,0.983902,0.989841,0.995359,0.968827,0.983816,0.975533,0.978822,0.972379,0.964323,0.975583,0.972845,0.973880,0.965171,0.966515,0.960479,0.964949,0.966440,0.962037,0.966487,0.971511,0.965590,0.970129,0.970952,0.973702,0.972139,0.902517,0.974487,0.972004,0.985518,0.991655,1.000000,0.970320,0.984231,0.973176,0.977016,0.974922
allando_v_savvaltas_magas_v75,0.938447,0.955954,0.951633,0.952111,0.941201,0.942084,0.946967,0.952562,0.947009,0.948888,0.934931,0.940888,0.936930,0.944089,0.941493,0.947442,0.946229,0.885611,0.957541,0.957335,0.969193,0.964719,0.966693,0.991819,0.971741,0.960393,0.960679,0.952975,0.948199,0.957037,0.952435,0.953202,0.943046,0.943524,0.947770,0.953686,0.948177,0.949934,0.948761,0.954079,0.949057,0.955222,0.956022,0.962247,0.958732,0.880508,0.959280,0.959025,0.970835,0.966300,0.967878,0.993458,0.973069,0.961318,0.961648,0.954105,0.951142,0.959162,0.954894,0.952268,0.945442,0.945040,0.947551,0.952674,0.947491,0.946249,0.947689,0.954470,0.952706,0.957869,0.957247,0.962872,0.959492,0.884450,0.960731,0.958165,0.971866,0.967996,0.970320,1.000000,0.974475,0.960435,0.961156,0.957415
allando_v_savvaltas_magas_v80,0.947434,0.968598,0.962213,0.967320,0.952142,0.959955,0.956110,0.960251,0.960394,0.959798,0.945355,0.950748,0.946016,0.953436,0.951173,0.956600,0.955054,0.899899,0.969982,0.969195,0.977085,0.978062,0.980647,0.969993,0.992167,0.970007,0.973598,0.967888,0.958573,0.969675,0.962965,0.968551,0.953952,0.961172,0.956941,0.961443,0.961368,0.960925,0.962927,0.968158,0.960642,0.967528,0.967746,0.973325,0.969565,0.893776,0.971580,0.970845,0.978579,0.979641,0.981936,0.971432,0.993565,0.971095,0.974647,0.968843,0.961953,0.974206,0.967379,0.968734,0.957758,0.963856,0.957820,0.961728,0.961572,0.958082,0.960863,0.967659,0.963836,0.969978,0.969689,0.974925,0.971137,0.897995,0.974483,0.970499,0.979929,0.980843,0.984231,0.974475,1.000000,0.971833,0.975997,0.973146
allando_v_savvaltas_magas_v85,0.929132,0.964157,0.964204,0.960406,0.956944,0.955149,0.955628,0.956838,0.957705,0.959990,0.933226,0.937358,0.930858,0.934222,0.937098,0.937601,0.940337,0.890069,0.953925,0.956241,0.965459,0.967996,0.969791,0.957373,0.968465,0.990215,0.978115,0.964876,0.943090,0.965322,0.965130,0.961714,0.958907,0.956512,0.956332,0.958088,0.958862,0.961134,0.952086,0.956847,0.947507,0.950158,0.956678,0.955820,0.957143,0.888177,0.955753,0.958011,0.967460,0.969711,0.971159,0.958850,0.969817,0.991369,0.979396,0.966171,0.952467,0.968241,0.968496,0.966023,0.962032,0.958514,0.960939,0.962060,0.962891,0.961918,0.958744,0.963436,0.958361,0.960328,0.964179,0.964036,0.964853,0.896775,0.963513,0.957188,0.968545,0.970892,0.973176,0.960435,0.971833,1.000000,0.985341,0.969787
allando_v_savvaltas_magas_v90,0.936311,0.975445,0.970789,0.972773,0.961851,0.963900,0.965258,0.967377,0.968534,0.968475,0.940892,0.943595,0.938063,0.940933,0.942104,0.942770,0.944575,0.895747,0.956364,0.958419,0.969413,0.972073,0.973480,0.958895,0.973623,0.979393,0.991363,0.974082,0.948223,0.976593,0.971640,0.974194,0.963801,0.965135,0.966278,0.968702,0.969587,0.969640,0.956914,0.958623,0.951795,0.953268,0.958469,0.957677,0.958119,0.894243,0.958186,0.960088,0.971561,0.973899,0.974978,0.960242,0.975057,0.980688,0.992679,0.975170,0.957042,0.979288,0.973888,0.977671,0.965664,0.966104,0.969582,0.971433,0.972366,0.969586,0.962432,0.964847,0.961370,0.963151,0.964424,0.964751,0.964577,0.902300,0.964774,0.958902,0.972773,0.974976,0.977016,0.961156,0.975997,0.985341,1.000000,0.977912
allando_v_savvaltas_magas_v95,0.931135,0.989699,0.981930,0.982670,0.973843,0.975506,0.979534,0.975343,0.979375,0.978751,0.943816,0.947463,0.942249,0.944386,0.946296,0.947282,0.949694,0.888457,0.957952,0.960667,0.965989,0.972735,0.971971,0.955316,0.971543,0.969042,0.977380,0.993477,0.940697,0.990937,0.982897,0.984023,0.975887,0.976726,0.980516,0.976539,0.980559,0.979854,0.956873,0.958836,0.952739,0.953282,0.959369,0.959301,0.960289,0.884333,0.959886,0.962387,0.968006,0.974389,0.973317,0.956702,0.972841,0.970178,0.978491,0.994724,0.948506,0.993609,0.984500,0.983556,0.977641,0.977088,0.979954,0.975923,0.979708,0.977333,0.959395,0.962265,0.959982,0.961155,0.963138,0.963184,0.964479,0.893607,0.961758,0.960980,0.968955,0.975754,0.974922,0.957415,0.973146,0.969787,0.977912,1.000000
