,valtozo_v_savvaltas_gas_alacsony_pedal0_2,valtozo_v_savvaltas_gas_alacsony_pedal0_5,valtozo_v_savvaltas_gas_alacsony_pedal1_0,valtozo_v_savvaltas_gas_kozepes_pedal0_2,valtozo_v_savvaltas_gas_kozepes_pedal0_5,valtozo_v_savvaltas_gas_kozepes_pedal1_0,valtozo_v_savvaltas_gas_magas_pedal0_2,valtozo_v_savvaltas_gas_magas_pedal0_5,valtozo_v_savvaltas_gas_magas_pedal1_0
valtozo_v_savvaltas_gas_alacsony_pedal0_2,1.000000,0.928904,0.920027,0.995581,0.926969,0.917624,0.991503,0.925839,0.914357
valtozo_v_savvaltas_gas_alacsony_pedal0_5,0.928904,1.000000,0.975426,0.927320,0.996692,0.971161,0.921998,0.992354,0.969881
valtozo_v_savvaltas_gas_alacsony_pedal1_0,0.920027,0.975426,1.000000,0.919108,0.974276,0.994700,0.915732,0.972337,0.991626
valtozo_v_savvaltas_gas_kozepes_pedal0_2,0.995581,0.927320,0.919108,1.000000,0.928640,0.919015,0.993163,0.927167,0.915540
valtozo_v_savvaltas_gas_kozepes_pedal0_5,0.926969,0.996692,0.974276,0.928640,1.000000,0.972355,0.922927,0.993547,0.970813
valtozo_v_savvaltas_gas_kozepes_pedal1_0,0.917624,0.971161,0.994700,0.919015,0.972355,1.000000,0.915705,0.972856,0.994068
valtozo_v_savvaltas_gas_magas_pedal0_2,0.991503,0.921998,0.915732,0.993163,0.922927,0.915705,1.000000,0.923271,0.913953
valtozo_v_savvaltas_gas_magas_pedal0_5,0.925839,0.992354,0.972337,0.927167,0.993547,0.972856,0.923271,1.000000,0.973470
valtozo_v_savvaltas_gas_magas_pedal1_0,0.914357,0.969881,0.991626,0.915540,0.970813,0.994068,0.913953,0.973470,1.000000
