,valtozo_v_sin_gas_a2_f1_pedal0_2,valtozo_v_sin_gas_a2_f1_pedal0_5,valtozo_v_sin_gas_a2_f1_pedal1_0,valtozo_v_sin_gas_a2_f3_pedal0_2,valtozo_v_sin_gas_a2_f3_pedal0_5,valtozo_v_sin_gas_a2_f3_pedal1_0,valtozo_v_sin_gas_a2_f5_pedal0_2,valtozo_v_sin_gas_a2_f5_pedal0_5,valtozo_v_sin_gas_a2_f5_pedal1_0,valtozo_v_sin_gas_a2_f7_pedal0_2,valtozo_v_sin_gas_a2_f7_pedal0_5,valtozo_v_sin_gas_a2_f7_pedal1_0,valtozo_v_sin_gas_a8_f1_pedal0_2,valtozo_v_sin_gas_a8_f1_pedal0_5,valtozo_v_sin_gas_a8_f1_pedal1_0,valtozo_v_sin_gas_a8_f3_pedal0_2,valtozo_v_sin_gas_a8_f3_pedal0_5,valtozo_v_sin_gas_a8_f3_pedal1_0,valtozo_v_sin_gas_a8_f5_pedal0_2,valtozo_v_sin_gas_a8_f5_pedal0_5,valtozo_v_sin_gas_a8_f5_pedal1_0,valtozo_v_sin_gas_a8_f7_pedal0_2,valtozo_v_sin_gas_a8_f7_pedal0_5,valtozo_v_sin_gas_a8_f7_pedal1_0
valtozo_v_sin_gas_a2_f1_pedal0_2,1.000000,0.943390,0.924679,0.966891,0.946294,0.919424,0.966720,0.948244,0.916983,0.965776,0.948896,0.917412,0.935775,0.923278,0.922017,0.935711,0.926191,0.921413,0.928118,0.933444,0.920199,0.930734,0.933513,0.914742
valtozo_v_sin_gas_a2_f1_pedal0_5,0.943390,1.000000,0.954257,0.946293,0.968242,0.952733,0.950378,0.968331,0.949980,0.950332,0.966486,0.952834,0.939106,0.942739,0.946713,0.940268,0.945133,0.948846,0.936220,0.949031,0.950154,0.938994,0.948243,0.948339
valtozo_v_sin_gas_a2_f1_pedal1_0,0.924679,0.954257,1.000000,0.929376,0.956216,0.969015,0.934191,0.955618,0.967256,0.935893,0.957500,0.966263,0.943385,0.954024,0.958971,0.947550,0.954737,0.961261,0.943620,0.955656,0.963571,0.946795,0.955392,0.963382
valtozo_v_sin_gas_a2_f3_pedal0_2,0.966891,0.946293,0.929376,1.000000,0.949993,0.924335,0.970979,0.952540,0.922137,0.970549,0.953600,0.921358,0.940972,0.929280,0.928083,0.941851,0.932659,0.927955,0.934840,0.939780,0.926290,0.937367,0.940107,0.920846
valtozo_v_sin_gas_a2_f3_pedal0_5,0.946294,0.968242,0.956216,0.949993,1.000000,0.954150,0.954424,0.971122,0.951958,0.954764,0.969830,0.954009,0.942591,0.946072,0.949820,0.944421,0.948695,0.951977,0.940729,0.952560,0.952967,0.943615,0.952001,0.950544
valtozo_v_sin_gas_a2_f3_pedal1_0,0.919424,0.952733,0.969015,0.924335,0.954150,1.000000,0.929746,0.953165,0.970304,0.931244,0.955321,0.968773,0.940540,0.952154,0.958108,0.944690,0.953174,0.961392,0.941767,0.953877,0.964226,0.944994,0.953948,0.964653
valtozo_v_sin_gas_a2_f5_pedal0_2,0.966720,0.950378,0.934191,0.970979,0.954424,0.929746,1.000000,0.957136,0.927551,0.973397,0.958177,0.926542,0.944290,0.933687,0.933043,0.945653,0.937329,0.933545,0.938972,0.944480,0.931981,0.941287,0.945046,0.927008
valtozo_v_sin_gas_a2_f5_pedal0_5,0.948244,0.968331,0.955618,0.952540,0.971122,0.953165,0.957136,1.000000,0.951030,0.958184,0.973425,0.952107,0.943330,0.946832,0.950521,0.945366,0.949859,0.952853,0.942393,0.954054,0.952828,0.944871,0.953262,0.949836
valtozo_v_sin_gas_a2_f5_pedal1_0,0.916983,0.949980,0.967256,0.922137,0.951958,0.970304,0.927551,0.951030,1.000000,0.929579,0.954216,0.972191,0.939772,0.952856,0.959190,0.945222,0.953986,0.962358,0.943576,0.954667,0.964433,0.946772,0.955622,0.965468
valtozo_v_sin_gas_a2_f7_pedal0_2,0.965776,0.950332,0.935893,0.970549,0.954764,0.931244,0.973397,0.958184,0.929579,1.000000,0.959066,0.928493,0.945963,0.936493,0.935788,0.947616,0.939966,0.936421,0.940081,0.947232,0.934906,0.942480,0.947778,0.929410
valtozo_v_sin_gas_a2_f7_pedal0_5,0.948896,0.966486,0.957500,0.953600,0.969830,0.955321,0.958177,0.973425,0.954216,0.959066,1.000000,0.952919,0.947229,0.950963,0.954129,0.949839,0.953599,0.956082,0.946393,0.957398,0.955432,0.949117,0.957449,0.952314
valtozo_v_sin_gas_a2_f7_pedal1_0,0.917412,0.952834,0.966263,0.921358,0.954009,0.968773,0.926542,0.952107,0.972191,0.928493,0.952919,1.000000,0.936115,0.948438,0.955100,0.940810,0.950140,0.957853,0.937925,0.951258,0.961263,0.941880,0.950800,0.962542
valtozo_v_sin_gas_a8_f1_pedal0_2,0.935775,0.939106,0.943385,0.940972,0.942591,0.940540,0.944290,0.943330,0.939772,0.945963,0.947229,0.936115,1.000000,0.955784,0.954706,0.961025,0.956125,0.953607,0.952049,0.959032,0.952134,0.953424,0.959831,0.945725
valtozo_v_sin_gas_a8_f1_pedal0_5,0.923278,0.942739,0.954024,0.929280,0.946072,0.952154,0.933687,0.946832,0.952856,0.936493,0.950963,0.948438,0.955784,1.000000,0.968161,0.959199,0.967123,0.967001,0.952724,0.965797,0.963612,0.955073,0.965757,0.957466
valtozo_v_sin_gas_a8_f1_pedal1_0,0.922017,0.946713,0.958971,0.928083,0.949820,0.958108,0.933043,0.950521,0.959190,0.935788,0.954129,0.955100,0.954706,0.968161,1.000000,0.958696,0.968171,0.970977,0.953192,0.966331,0.968082,0.955970,0.966286,0.962477
valtozo_v_sin_gas_a8_f3_pedal0_2,0.935711,0.940268,0.947550,0.941851,0.944421,0.944690,0.945653,0.945366,0.945222,0.947616,0.949839,0.940810,0.961025,0.959199,0.958696,1.000000,0.960146,0.958215,0.959992,0.962679,0.956688,0.961415,0.963775,0.949869
valtozo_v_sin_gas_a8_f3_pedal0_5,0.926191,0.945133,0.954737,0.932659,0.948695,0.953174,0.937329,0.949859,0.953986,0.939966,0.953599,0.950140,0.956125,0.967123,0.968171,0.960146,1.000000,0.967846,0.954504,0.967497,0.963996,0.957209,0.967304,0.957963
valtozo_v_sin_gas_a8_f3_pedal1_0,0.921413,0.948846,0.961261,0.927955,0.951977,0.961392,0.933545,0.952853,0.962358,0.936421,0.956082,0.957853,0.953607,0.967001,0.970977,0.958215,0.967846,1.000000,0.954498,0.966910,0.971034,0.956514,0.966876,0.966321
valtozo_v_sin_gas_a8_f5_pedal0_2,0.928118,0.936220,0.943620,0.934840,0.940729,0.941767,0.938972,0.942393,0.943576,0.940081,0.946393,0.937925,0.952049,0.952724,0.953192,0.959992,0.954504,0.954498,1.000000,0.956433,0.951901,0.964307,0.957274,0.945938
valtozo_v_sin_gas_a8_f5_pedal0_5,0.933444,0.949031,0.955656,0.939780,0.952560,0.953877,0.944480,0.954054,0.954667,0.947232,0.957398,0.951258,0.959032,0.965797,0.966331,0.962679,0.967497,0.966910,0.956433,1.000000,0.964524,0.958153,0.970413,0.960071
valtozo_v_sin_gas_a8_f5_pedal1_0,0.920199,0.950154,0.963571,0.926290,0.952967,0.964226,0.931981,0.952828,0.964433,0.934906,0.955432,0.961263,0.952134,0.963612,0.968082,0.956688,0.963996,0.971034,0.951901,0.964524,1.000000,0.954766,0.964710,0.968960
valtozo_v_sin_gas_a8_f7_pedal0_2,0.930734,0.938994,0.946795,0.937367,0.943615,0.944994,0.941287,0.944871,0.946772,0.942480,0.949117,0.941880,0.953424,0.955073,0.955970,0.961415,0.957209,0.956514,0.964307,0.958153,0.954766,1.000000,0.959336,0.948637
valtozo_v_sin_gas_a8_f7_pedal0_5,0.933513,0.948243,0.955392,0.940107,0.952001,0.953948,0.945046,0.953262,0.955622,0.947778,0.957449,0.950800,0.959831,0.965757,0.966286,0.963775,0.967304,0.966876,0.957274,0.970413,0.964710,0.959336,1.000000,0.960453
valtozo_v_sin_gas_a8_f7_pedal1_0,0.914742,0.948339,0.963382,0.920846,0.950544,0.964653,0.927008,0.949836,0.965468,0.929410,0.952314,0.962542,0.945725,0.957466,0.962477,0.949869,0.957963,0.966321,0.945938,0.960071,0.968960,0.948637,0.960453,1.000000
